name,KLZ_1,KLZ_2,KLZ_4,KLZ_29,KLZ_30,KLZ_31,KLZ_32,KLZ_342,KLZ_343,KLZ_344,KLZ_345,KLZ_346,KLZ_347,KLZ_348,KLZ_349,KLZ_350,KLZ_351,KLZ_352,KLZ_353,KLZ_354,KLZ_355,KLZ_356,KLZ_357,KLZ_358,KLZ_359,KLZ_360,KLZ_361,KLZ_362,KLZ_363,KLZ_364,KLZ_365,KLZ_366,KLZ_367,KLZ_368,KLZ_369,KLZ_370,KLZ_371,KLZ_372,KLZ_33,KLZ_34,KLZ_35,KLZ_36,KLZ_373,KLZ_374,KLZ_375,KLZ_376,KLZ_377,KLZ_378,KLZ_379,KLZ_380,KLZ_381,KLZ_382,KLZ_383,KLZ_384,KLZ_385,KLZ_386,KLZ_387,KLZ_388,KLZ_389,KLZ_390,KLZ_391,KLZ_392,KLZ_393,KLZ_394,KLZ_395,KLZ_396,KLZ_397,KLZ_398,KLZ_399,KLZ_400,KLZ_401,KLZ_402,KLZ_403,KLZ_37,KLZ_38,KLZ_39,KLZ_40,KLZ_404,KLZ_405,KLZ_406,KLZ_407,KLZ_408,KLZ_409,KLZ_410,KLZ_411,KLZ_412,KLZ_413,KLZ_414,KLZ_415,KLZ_416,KLZ_417,KLZ_418,KLZ_419,KLZ_420,KLZ_421,KLZ_422,KLZ_423,KLZ_424,KLZ_425,KLZ_426,KLZ_427,KLZ_428,KLZ_41,KLZ_42,KLZ_43,KLZ_429,KLZ_430,KLZ_431,KLZ_432,KLZ_433,KLZ_434,KLZ_435,KLZ_436,KLZ_437,KLZ_438,KLZ_439,KLZ_440,KLZ_441,KLZ_442,KLZ_443,KLZ_444,KLZ_445,KLZ_447,KLZ_448,KLZ_449,KLZ_450,KLZ_451,KLZ_452,KLZ_453,KLZ_454,KLZ_455,KLZ_456,KLZ_457,KLZ_458,KLZ_459,KLZ_460,KLZ_44,KLZ_45,KLZ_46,KLZ_47,KLZ_48,KLZ_461,KLZ_462,KLZ_463,KLZ_464,KLZ_465,KLZ_466,KLZ_467,KLZ_468,KLZ_469,KLZ_470,KLZ_471,KLZ_472,KLZ_473,KLZ_474,KLZ_475,KLZ_476,KLZ_477,KLZ_478,KLZ_479,KLZ_480,KLZ_481,KLZ_482,KLZ_483,KLZ_484,KLZ_485,KLZ_486,KLZ_49,KLZ_50,KLZ_51,KLZ_52,KLZ_487,KLZ_488,KLZ_489,KLZ_490,KLZ_491,KLZ_492,KLZ_493,KLZ_494,KLZ_495,KLZ_496,KLZ_497,KLZ_498,KLZ_499,KLZ_500,KLZ_501,KLZ_502,KLZ_503,KLZ_504,KLZ_505,KLZ_53,KLZ_54,KLZ_55,KLZ_56,KLZ_506,KLZ_509,KLZ_510,KLZ_511,KLZ_512,KLZ_513,KLZ_514,KLZ_515,KLZ_516,KLZ_517,KLZ_518,KLZ_519,KLZ_520,KLZ_521,KLZ_522,KLZ_523,KLZ_524,KLZ_525,KLZ_57,KLZ_58,KLZ_59,KLZ_60,KLZ_526,KLZ_527,KLZ_528,KLZ_529,KLZ_530,KLZ_531,KLZ_532,KLZ_533,KLZ_534,KLZ_535,KLZ_536,KLZ_537,KLZ_538,KLZ_539,KLZ_540,KLZ_541,KLZ_542,KLZ_543,KLZ_544,KLZ_61,KLZ_62,KLZ_63,KLZ_64,KLZ_545,KLZ_546,KLZ_5,KLZ_6,KLZ_7,KLZ_65,KLZ_548,KLZ_549,KLZ_550,KLZ_551,KLZ_552,KLZ_553,KLZ_554,KLZ_555,KLZ_556,KLZ_557,KLZ_558,KLZ_559,KLZ_560,KLZ_561,KLZ_562,KLZ_563,KLZ_564,KLZ_66,KLZ_67,KLZ_565,KLZ_566,KLZ_567,KLZ_568,KLZ_569,KLZ_570,KLZ_571,KLZ_572,KLZ_573,KLZ_574,KLZ_575,KLZ_576,KLZ_577,KLZ_578,KLZ_579,KLZ_580,KLZ_581,KLZ_582,KLZ_583,KLZ_584,KLZ_585,KLZ_586,KLZ_587,KLZ_588,KLZ_589,KLZ_590,KLZ_591,KLZ_592,KLZ_68,KLZ_69,KLZ_70,KLZ_71,KLZ_593,KLZ_594,KLZ_595,KLZ_72,KLZ_73,KLZ_74,KLZ_75,KLZ_76,KLZ_77,KLZ_78,KLZ_79,KLZ_80,KLZ_81,KLZ_82,KLZ_83,KLZ_84,KLZ_85,KLZ_86,KLZ_87,KLZ_88,KLZ_89,KLZ_90,KLZ_91,KLZ_92,KLZ_93,KLZ_94,KLZ_95,KLZ_96,KLZ_97,KLZ_98,KLZ_99,KLZ_100,KLZ_101,KLZ_102,KLZ_103,KLZ_104,KLZ_105,KLZ_106,KLZ_107,KLZ_108,KLZ_109,KLZ_110,KLZ_111,KLZ_112,KLZ_113,KLZ_114,KLZ_115,KLZ_116,KLZ_117,KLZ_118,KLZ_119,KLZ_120,KLZ_121,KLZ_122,KLZ_123,KLZ_124,KLZ_125,KLZ_126,KLZ_127,KLZ_128,KLZ_129,KLZ_130,KLZ_131,KLZ_132,KLZ_133,KLZ_135,KLZ_136,KLZ_137,KLZ_138,KLZ_139,KLZ_140,KLZ_141,KLZ_142,KLZ_143,KLZ_144,KLZ_145,KLZ_146,KLZ_147,KLZ_148,KLZ_149,KLZ_150,KLZ_151,KLZ_152,KLZ_153,KLZ_154,KLZ_155,KLZ_156,KLZ_157,KLZ_158,KLZ_159,KLZ_160,KLZ_161,KLZ_162,KLZ_163,KLZ_164,KLZ_8,KLZ_9,KLZ_10,KLZ_11,KLZ_12,KLZ_165,KLZ_166,KLZ_168,KLZ_169,KLZ_170,KLZ_171,KLZ_172,KLZ_173,KLZ_174,KLZ_175,KLZ_176,KLZ_177,KLZ_178,KLZ_179,KLZ_180,KLZ_181,KLZ_183,KLZ_184,KLZ_185,KLZ_186,KLZ_187,KLZ_188,KLZ_189,KLZ_190,KLZ_191,KLZ_192,KLZ_193,KLZ_194,KLZ_195,KLZ_196,KLZ_197,KLZ_198,KLZ_199,KLZ_200,KLZ_201,KLZ_202,KLZ_203,KLZ_13,KLZ_14,KLZ_15,KLZ_16,KLZ_204,KLZ_205,KLZ_206,KLZ_207,KLZ_209,KLZ_210,KLZ_211,KLZ_212,KLZ_213,KLZ_214,KLZ_215,KLZ_216,KLZ_217,KLZ_218,KLZ_219,KLZ_220,KLZ_221,KLZ_222,KLZ_223,KLZ_224,KLZ_225,KLZ_226,KLZ_227,KLZ_228,KLZ_229,KLZ_230,KLZ_231,KLZ_233,KLZ_234,KLZ_235,KLZ_236,KLZ_237,KLZ_238,KLZ_239,KLZ_240,KLZ_241,KLZ_242,KLZ_243,KLZ_244,KLZ_245,KLZ_246,KLZ_17,KLZ_18,KLZ_19,KLZ_20,KLZ_247,KLZ_248,KLZ_249,KLZ_250,KLZ_252,KLZ_253,KLZ_254,KLZ_255,KLZ_256,KLZ_257,KLZ_258,KLZ_259,KLZ_260,KLZ_261,KLZ_262,KLZ_263,KLZ_264,KLZ_265,KLZ_267,KLZ_268,KLZ_269,KLZ_270,KLZ_271,KLZ_272,KLZ_273,KLZ_274,KLZ_275,KLZ_276,KLZ_277,KLZ_278,KLZ_279,KLZ_21,KLZ_22,KLZ_23,KLZ_24,KLZ_280,KLZ_281,KLZ_282,KLZ_283,KLZ_284,KLZ_285,KLZ_286,KLZ_287,KLZ_288,KLZ_290,KLZ_291,KLZ_292,KLZ_293,KLZ_294,KLZ_295,KLZ_296,KLZ_297,KLZ_298,KLZ_299,KLZ_300,KLZ_301,KLZ_302,KLZ_303,KLZ_304,KLZ_305,KLZ_306,KLZ_307,KLZ_308,KLZ_25,KLZ_26,KLZ_27,KLZ_28,KLZ_309,KLZ_310,KLZ_311,KLZ_312,KLZ_313,KLZ_314,KLZ_315,KLZ_316,KLZ_317,KLZ_318,KLZ_319,KLZ_320,KLZ_321,KLZ_322,KLZ_323,KLZ_324,KLZ_325,KLZ_326,KLZ_327,KLZ_328,KLZ_329,KLZ_330,KLZ_331,KLZ_332,KLZ_333,KLZ_334,KLZ_335,KLZ_336,KLZ_337,KLZ_338,KLZ_339,KLZ_340,KLZ_341
IL.1b,4.42,3.85,5.19,3.61,3.85,3.37,4.76,1.82,2.82,4.05,3,9.32,6.94,3.71,8.83,5.51,3.62,4.31,4.83,3.35,3.71,4.57,13.11,13.11,2.82,6.02,6.19,2.82,3.35,4.4,3.88,5.26,8.92,2.82,4.74,6.44,7.27,4.23,3.61,4.64,6.36,4.42,5.51,7.44,4.23,4.23,4.57,9.4,4.23,14.85,9.4,1.73,1.91,1.82,4.31,14.22,4.57,3.27,3.97,5.85,5.34,2.19,10.14,3.88,6.77,3.53,3.88,11.1,5.74,4.02,4.27,5.5,2.74,3.37,9.14,6.87,6.46,4.02,8.99,8.99,4.77,19.55,13.31,9.45,4.02,10.23,10.57,5.74,18.72,34.18,5.01,11.89,9.56,6.45,2.48,14.92,2.74,6.45,3.77,3.52,11.01,5.74,3.01,3.13,3.85,8.31,7.62,5.98,5.98,6.92,14.92,16.41,30.45,23.44,27.17,4.27,6.21,7.5,34.96,45.15,3.52,7.15,4.77,6.57,8.99,6.69,9.11,7.62,11.45,4.02,4.52,5.25,12.77,14.49,12.77,13.2,6.05,5.62,8.27,6.77,3.37,3.52,6.21,7.15,7.62,24.25,5.01,5.01,4.52,8.65,6.21,9.67,4.64,5.86,5.74,5.68,8.14,4.21,3.45,7.79,13.36,11.73,6.15,4.95,6.39,6.86,5.68,5.8,6.33,10.19,8.27,3.45,3.71,7.33,11.84,6.39,5.92,26.22,32.27,30,32.07,23.59,14.44,12.28,4.95,13.36,5.92,20.12,10.84,44.24,3.66,4.2,3.3,4.02,13.04,14.23,26.62,22.98,5.92,12.71,30.59,3.96,6.63,20.32,20.94,20.53,8.71,4.95,4.83,7.21,7.33,11.4,6.33,6.33,4.91,3.11,37.04,5.68,7.33,3.45,5.8,3.96,6.15,8.48,6.39,6.63,5.19,3.71,10.62,4.09,4.33,17.41,13.79,14.55,8.02,14.85,6.69,8.44,1.27,13.36,12.49,2.88,3.13,2.37,23.1,5.92,7.56,7.33,8.48,7.68,6.15,12.71,28.91,28.02,2.68,5.68,4.46,4.46,4.21,3.83,6.15,6.63,5.54,14.68,2.68,7.33,8.25,3.37,3.37,3.61,9.61,9.8,14.7,9.99,3.85,5.84,9.99,6.87,8.95,23.84,7.68,9.23,15.74,18.72,7.07,32.68,20.56,4.98,3.37,4.53,10.74,9.71,7.74,15.19,10.01,4.2,4.08,27.87,7.48,2.48,2.75,4.91,2.57,5.8,10.36,13.04,3.84,3.11,2.29,3.2,3.3,6.25,32.28,77.17,8.62,2.84,4.65,2.75,3.84,2.57,3.3,0.27,13.64,4.2,2.2,2.93,3.11,4.02,7.04,8.97,6.6,4.11,5.27,8.44,14.16,21.83,8.53,2.93,4.02,2.38,2.93,3.84,6.33,6.51,3.84,3.48,5.27,10.97,5.45,4.02,4.56,2.02,2.7,4.69,18.05,7.96,7.52,2.52,5.58,11.19,5.76,6.47,14.46,31.23,8.31,4.87,7.7,5.14,5.76,5.05,9.62,5.23,5.58,5.05,5.94,5.4,3.43,3.97,30.39,21.28,19.59,12.4,3.07,6.29,3.43,3.61,3.97,4.33,2.89,3.52,2.34,7.18,8.07,9.42,6.15,23.6,4.15,11.7,12.91,7.7,2.7,6.47,6.82,5.23,5.05,12.57,11.19,13.43,9.97,2.89,19.76,33.75,4.33,4.87,2.15,4.78,2.89,1.97,1.78,2.34,7.17,5.05,5.76,5.94,5.58,3.25,12.22,9.1,7.87,2.52,4.24,7.44,2.8,8.27,3.13,4.64,3.85,3.52,4.87,4.87,5.85,3.97,3.07,3.25,4.15,4.51,3.34,3.07,3.43,4.33,6.69,8.34,7.93,4.57,16.27,5.85,2.82,4.74,8.59,4.74,3.97,3.35,6.94,4.74,7.19,8.92,18.16,7.44,10.62,7.77,19.17,9.4,22.05,7.93,5.6,11.51,6.1,3.88,3.85,4.31,3.37,3.61,3,2.82,3,5.26,24.6,14.62,5.26,3,6.1,7.77,14.3,4.83,4.57,15.09,5.76,5.34,3.71,2.46,17.37,17.06,3.27,5.76,9.89,4.92,3.62,15.72,23.13,32.06,3.18,19.56,33.28,4.53,5.62,4.53,5.52,2.82,10.46,4.57,4.05,1.82,1.73,4.4,2.28,4.23,7.6,11.02,1.25,23.06,3.88,12.23,20.34,8.75,13.19,5.17,24.14,4.66,11.67,20.5,5.68,7.1,3.53,17.53,7.44,2.37,2.1,2.5,2.63,10.86,7.6,2.82,5.93,3.27,4.05,3.88,3.79,4.05,3.88,2.82,6.19,4.05,3.88,2.82,3.18,5.76,3,8.59,12.79,13.66,5.6,3.53,6.27,4.83,18.7,12.23,1.91,2.1,2.46,2.1,9.24,4.05
IL.1ra,1841.32,2814.22,550.16,235.98,299.14,320.08,1151.02,204.12,319.11,1267.63,211.16,251.02,310.7,224.88,380.03,669.48,629.26,601.72,287.65,364.68,933.9,196.93,228.24,330.13,742.94,338.27,299.29,310.7,189.6,263.54,231.57,531.93,266.62,531.93,200.54,182.11,429.02,319.11,943.62,360.02,352.21,303.39,316.32,431.39,400.01,316.32,158.49,287.65,200.54,257.32,238.15,103.7,75.39,101.08,300.73,360.78,306.45,460.46,216.36,180.21,425.45,545.62,425.45,545.62,300.73,198.74,339.62,371.12,1061.14,1084.36,3836.56,5077.54,3599.29,437.45,475.35,637.86,1128.87,977.92,1011.52,1106.68,1396.82,1829.5,1762.98,1757.73,949.27,949.27,1030.67,2612.25,1095.63,1101.18,1036.9,984.82,934.27,2703.12,910.78,1133.46,970.92,3281.79,821.38,3800.84,1235.14,2940.28,211.28,328.26,311.79,998.35,1351.62,1004.98,1328.07,859.55,1188.65,2465.08,6621.15,9167,8772.13,10662.19,840.94,1328.07,1036.9,1193.44,918.74,800.73,894.39,1049.16,850.36,1043.06,998.35,1148.99,1036.9,840.94,755.4,743.04,941.83,977.92,859.55,859.55,787.33,1788.95,2142.19,828.99,4570.91,1336,730.18,638.38,778.81,1582.94,1480.93,1539.53,1072.87,1036.9,2577.9,2278.28,1084.36,2981.96,910.78,1191.05,1014.76,1161.65,930.43,6207.39,2626.74,1894.28,1626.16,1191.05,1314.02,1753.77,1014.76,353.69,353.69,370.72,332.71,609.49,564.47,1141.28,967.38,1387.6,1918.03,2981.19,1550.55,1518.76,1383.88,1800.47,2027.41,1272.41,906.74,988.24,945.57,1052.18,1991.74,3648.86,3269.66,353.69,257.26,425.96,952.95,1246.3,1087.2,1521.98,1936.77,1087.2,4498.76,1181.39,2606.27,1611.44,826.36,24721.62,1964.48,1541.11,1777.32,1438.07,1420.37,1405.95,353.69,468.92,311.05,650.59,1161.65,1130.84,1109.42,2236.08,1330.06,1850.59,1330.06,1052.18,806,1614.4,1156.61,1982.7,1688.83,1936.77,1289.32,930.43,1241.86,1479.25,1200.57,400.43,1407.85,23384.66,947.47,1489.27,3344.01,3672.71,1832.34,7205.5,515.76,6210.91,1109.42,1255.11,1756.41,1232.89,1120.22,1027.53,1383.88,2247.94,1835.74,914.78,938.06,1039.99,845.68,784.42,845.68,922.68,3317.9,1814.24,647.31,914.78,1109.42,488.77,461.75,728.25,556.42,263.99,430.39,294.86,286.22,211.28,430.39,268.51,268.51,344.32,508.55,286.22,2352.77,495.4,1629.69,534.34,587.23,468.58,294.86,700.62,250.18,320.08,6407.7,3191.74,2768.73,6392.47,889.67,320.08,447.95,265.27,339.78,495.53,245.01,303.66,261.28,339.78,350.24,249.13,318.35,311.05,178.21,1324.83,968.71,1261.94,3029.99,518.62,296.18,223.87,228.18,673.4,782.38,12.16,888.93,119.8,645.47,624.79,544,527.14,574.26,893.33,360.55,363.96,432.22,510.02,695.85,1115.82,325.57,168.38,468.92,206.22,670.89,875.68,367.35,538.41,864.56,438.44,215.14,240.86,675.91,273.16,882.32,616.94,2910.35,1635.01,665.84,471.91,3046.95,311.05,296.18,325.57,1210.96,842.12,1051.63,2404.99,336.25,380.75,410.1,468.92,325.57,453.81,374.08,1115.82,353.69,346.77,384.07,725.24,515.76,1228.06,492.61,374.08,280.94,3453.76,655.69,325.57,374.08,384.07,582.38,336.25,435.34,329.15,846.63,626.13,623.18,1342.44,867.15,2681.77,8311.33,629.99,1611.6,360.55,635.17,964.48,2038.16,346.77,624.79,895.53,538.41,888.93,2007.69,307.37,332.71,390.65,624.79,492.61,611.69,346.77,1975.49,2558.09,1459.08,715.51,635.17,456.85,546.78,438.44,593.12,1382.82,576.97,921.67,598.45,2106.04,732.5,419.65,292.41,375.37,206.17,294.86,423.26,311.05,339.78,273.16,614.32,387.37,296.18,261.28,339.78,215.14,228.18,245.01,668.37,336.25,573.51,466.15,443.14,293.5,316.32,224.88,218.08,211.16,723.11,193.29,231.57,200.54,278.74,281.73,1334.02,906.43,472.94,281.73,364.68,2588.13,338.27,407.36,452.42,374.95,296.41,338.27,479.68,597.73,344.32,320.08,375.37,787.33,479.68,158.49,182.11,1852.15,544.57,490.8,400.01,257.32,327.39,450.11,1040.23,890.09,367.26,305.03,224.88,189.6,158.49,182.11,701.17,573.51,369.83,605.69,290.58,343.64,359.48,310.7,263.54,269.67,983.03,629.26,3319.06,1192.58,221.33,277.43,299.14,238.15,132.71,2755.79,299.29,231.57,196.93,390.09,359.48,429.02,447.79,2671.22,12046.47,2008.83,2596.79,3100.59,244.63,387.59,1037.17,1940.53,540.38,275.74,305.03,459.31,338.27,648.57,531.93,565.32,593.73,1407.56,344.32,268.51,315.95,2794.11,667.59,501.79,367.26,338.27,275.74,1631.68,123.47,189.6,182.11,343.64,302.17,310.7,263.54,234.87,310.7,224.88,470.69,359.48,557.07,174.43,196.93,141.59,426.64,385.08,409.8,544.57,132.71,182.11,211.16,573.51,251.02,238.15
IL.2,11.2,10.02,16.78,8.83,16.78,8.22,5.69,1.76,1.76,1.76,1.76,1.76,1.76,1.76,10.22,1.76,1.76,7.06,15.54,10.99,8.65,9.05,1.76,1.76,1.76,1.76,8.65,1.76,1.76,1.76,8.65,49.82,7.86,1.76,7.86,1.76,7.06,1.76,8.83,13.48,10.02,14.59,1.76,1.76,1.76,1.76,8.65,19.96,1.76,11.76,7.86,1.76,1.76,1.76,8.06,7.66,9.64,9.64,9.64,1.76,1.76,1.76,1.76,1.76,1.76,8.45,20.87,8.85,16.05,14.8,19.16,14.8,5.92,1.42,11.2,7.6,7.6,11.66,11.03,25.95,13.55,16.05,9.76,14.8,7.85,18.54,11.03,12.29,14.8,16.05,8.49,9.76,14.8,19.78,7.21,9.76,13.55,8.49,1.32,8.49,19.78,7.21,7.6,8.83,11.2,7.21,13.55,19.78,1.32,5.27,20.4,9.76,16.05,7.21,8.49,9.76,8.49,8.49,13.55,13.55,7.21,5.92,9.76,8.49,1.32,17.3,12.29,5.92,14.8,1.32,1.32,1.32,8.49,15.43,1.32,1.32,6.34,10.61,11.2,6.34,6.34,7.21,7.21,1.32,1.32,59.73,5.92,1.32,1.32,8.49,8.49,14.8,16.68,9.12,14.8,24.72,19.78,12.29,5.92,13.55,24.1,21.02,15.43,5.92,11.03,9.76,9.12,11.95,15.06,20.52,17.78,7.21,1.32,5.92,1.32,10.39,13.55,16.05,24.72,25.95,14.8,18.54,15.43,29.62,18.54,17.92,13.55,10.39,24.72,17.92,8.46,7.31,11.56,7.31,9.76,21.02,16.05,16.05,19.78,11.03,22.25,19.16,13.55,21.02,13.55,12.29,9.76,7.21,1.32,12.92,23.49,12.92,8.85,1.73,1.73,1.73,8.49,11.03,11.66,5.92,35.7,8.49,27.17,33.27,14.8,14.18,1.32,8.49,12.29,18.54,13.55,9.76,1.32,11.66,1.32,15.06,9.62,11.17,1.73,8.49,17.3,8.83,12.35,7.6,12.34,19.16,18.54,19.16,25.95,11.03,14.8,1.32,17.3,11.03,8.49,16.05,9.76,7.21,1.32,7.21,7.21,11.03,10.4,15.45,1.32,14.8,15.43,8.83,1.42,6.34,8.22,8.22,17.86,8.83,1.42,1.42,1.42,7.6,15.7,7.6,6.34,1.42,12.35,5.69,13.48,9.43,8.83,1.42,1.42,1.42,8.83,1.42,15.84,1.73,13.5,8.08,1.42,13.48,12.35,1.73,11.56,15.45,26.78,10.4,10.4,1.73,8.46,11.17,8.08,1.73,8.46,11.17,8.85,11.95,27.17,1.73,10.4,12.34,15.84,7.31,24.43,1.73,17.39,1.73,1.73,9.62,9.62,8.85,15.06,10.4,8.08,12.72,11.95,8.85,12.72,20.52,8.85,1.73,11.95,8.85,1.73,1.73,9.62,1.73,1.73,11.56,10.4,15.84,12.34,1.73,8.85,1.73,15.06,9.62,16.61,18.17,11.95,8.85,8.08,10.4,11.17,11.17,19.74,11.17,11.17,10.4,10.4,11.95,13.11,11.17,13.11,11.17,9.62,8.46,10.78,7.31,8.85,8.08,12.72,11.17,10.4,11.17,1.73,15.06,10.4,10.4,18.17,12.72,14.67,11.95,7.31,14.04,17.32,14.59,12.91,24.11,10.4,11.95,27.96,6.92,9.24,7.69,8.85,7.31,7.31,8.08,11.17,15.84,19.74,1.73,6.92,12.72,13.11,12.72,9.62,1.73,7.31,11.95,13.5,1.73,11.95,11.95,10.01,1.73,11.95,8.08,26.39,14.28,11.95,11.56,12.34,18.95,10.4,13.48,1.42,14.59,17.86,9.62,12.72,8.08,12.72,9.62,14.28,1.73,11.56,1.73,11.17,1.73,8.85,9.62,12.91,17.4,9.83,7.46,1.76,1.76,1.76,8.26,1.76,7.46,1.76,8.26,1.76,7.46,1.76,7.46,9.05,1.76,7.46,9.83,10.61,26.78,21.05,9.83,7.46,9.05,1.76,1.76,10.02,8.83,12.35,1.42,8.26,9.05,7.46,1.76,11.38,10.61,7.06,8.26,10.99,1.76,1.76,1.76,1.76,8.26,1.76,1.76,1.76,7.46,1.76,1.76,9.05,7.46,11.76,9.44,1.76,1.76,1.76,9.83,1.76,9.44,7.86,1.42,5.69,1.42,16.24,8.26,7.86,7.46,8.26,1.76,1.76,1.76,9.05,18.5,1.76,8.26,1.76,10.22,1.76,7.06,9.83,10.99,13.29,1.76,8.26,1.76,1.76,8.65,1.76,8.26,7.06,1.76,1.76,1.42,1.42,1.42,1.42,12.53,17.77,8.65,16.29,9.44,7.06,1.76,1.76,1.76,1.76,12.53,14.42,15.91,10.99,8.65,15.54,9.83,7.86,1.76,1.76,7.06,7.06,1.76,7.86,8.26,7.86,7.06,1.76,1.76,7.06,8.65,10.22,11.76
IL.4,4.28,4.83,4.97,4.83,4.7,3.55,3.99,1.41,2.23,2.29,2.04,2.17,2.64,1.98,3.09,2.52,2.17,2.4,3.53,2.64,2.98,3.64,3.42,3.48,2.52,2.64,3.64,2.17,1.98,2.4,2.64,11.04,2.64,1.54,2.52,2.29,1.8,2.04,2.78,3.1,3.7,5.24,3.31,2.87,2.92,2.34,3.2,6.68,3.42,4.7,3.8,1.8,1.67,2.26,3.06,3.4,3.4,2.95,3.18,1.89,2.26,1.31,2.95,2.14,1.95,3.06,4.36,2.61,4.22,5.65,5.13,6.16,3.27,3.25,3.7,3.7,3.25,5.56,4.41,7.31,3.85,5.13,4.77,6.16,7.79,7.79,6.16,4.77,5.82,6.33,5.13,5.3,5.13,5.3,3.94,4.95,4.77,3.27,3.07,3.85,5.48,3.46,2.94,3.7,3.92,5.3,5.13,5.13,2.86,4.41,7.95,4.59,5.48,5.13,4.59,4.22,3.66,2.86,4.59,6.58,2.34,2.44,5.13,5.3,3.46,6.16,4.77,5.13,4.77,4.22,3.85,3.27,5.74,6.82,4.95,4.77,2.94,3.1,3.85,3.48,2.45,4.5,3.66,3.07,3.85,10.96,3.36,3.07,3.07,4.59,4.04,5.13,4.41,4.59,5.56,9.11,7.39,4.41,3.46,5.56,6.74,5.91,4.32,4.13,4.13,3.75,4.5,4.13,4.88,6.61,8.49,2.76,2.55,4.32,4.13,3.75,4.32,6.24,6.41,7.47,6.33,4.59,5.65,5.39,5.22,5.39,5.04,5.65,5.39,7.55,4.38,2.69,3.56,3.1,3.75,4.86,4.04,5.13,6.41,3.75,5.65,5.04,5.04,5.74,4.32,6.9,3.75,2.96,3.17,5.56,4.77,4.04,5.37,4.13,4.13,5.12,4.5,4.32,3.94,4.13,8.95,4.86,6.74,6.24,4.95,6.24,2.76,3.17,4.32,5.39,4.68,5.56,3.56,3.94,3.36,3.68,3.1,4.13,2.14,3.36,5.74,3.4,3.99,3.4,4.63,4.86,5.3,7.07,5.56,4.13,4.32,2.55,6.08,4.5,2.96,5.22,4.32,3.85,3.17,2.76,3.17,4.5,7.25,5.49,2.96,3.94,5.74,3.85,3.25,3.7,2.62,4.21,5.37,3.55,2.78,2.36,2.78,3.1,4.56,4.97,4.14,3.85,4.7,4.42,3.7,4.9,5.5,2.45,2.28,2.62,3.99,2.94,5.96,3.1,5.91,7.25,2.78,3.25,5.24,3.62,4.88,4.51,2.9,4.88,4.51,3.49,4.82,3.88,3.23,4.76,3.62,3.36,3.88,6.9,9.16,4.26,3.75,3.43,4.38,3.68,2.96,0.2,5.06,1.78,2.83,4,3.68,4.88,12.07,3.36,2.69,4.88,3.94,4.26,4.38,7.25,3.49,3.43,3.94,3.43,3.1,3.49,4,3.81,3.1,3.49,3.23,4.63,4.13,2.9,5,3.23,3.88,4.26,4.26,5.24,5.85,3.62,2.28,3.23,3.88,7.13,13.37,6.67,3.29,3.75,3.36,4.76,3.88,4.51,5.85,4.13,3.62,2.42,3.16,2.83,3.23,4.13,4.26,2.56,3.1,3.43,2.42,3.75,2.49,3.62,4.13,3.1,4.13,3.49,2.56,4.63,3.48,6.52,4.97,8.43,3.88,2.69,13.94,2.56,2.83,3.62,4.38,3.36,4.88,3.36,3.94,6.9,8.94,2.14,3.23,5.24,3.1,2.83,2.42,3.75,3.88,3.23,4.13,4.51,3.62,3.56,3.43,2.21,3.23,2.42,5.37,6.2,4.13,3.36,3.75,6.55,3.36,4.42,2.94,3.99,4.28,2.9,4.13,4.32,5.37,3.36,3.23,2.56,2.42,2.96,3.49,2.69,3.75,2.83,4.82,4.93,5.08,2.55,3.12,3.83,3.88,3.78,2.78,3.01,3.78,3.18,3.45,2.31,3.06,3.56,3.34,2.89,3.88,4.2,4.1,8.11,6.22,3.45,3.23,3.78,3.45,2.78,2.94,4.56,3.7,3.99,3.34,3.01,3.12,3.88,4.82,4.82,2.67,2.55,3.88,3.99,4.15,2.95,3.06,3.78,2.67,3.12,2.55,3.34,3.67,3.67,3.18,3.45,3.23,3.23,1.77,2.89,3.23,3.99,2.2,3.45,3.83,3.63,3.17,2.62,5.1,2.89,3.34,2.55,3.34,2.49,2.49,2.78,2.78,4.25,3.23,3.67,1.08,3.48,2.11,2.52,3.2,3.53,3.53,2.04,2.04,2.64,3.75,2.69,2.87,3.15,3.31,3.53,2.98,2.45,1.74,2.7,3.99,2.64,4.02,2.4,4.85,3.75,3.64,2.29,1.8,1.73,1.98,4.49,3.96,3.86,3.42,2.52,5.1,3.75,2.75,3.42,1.8,1.8,2.4,2.11,1.92,2.4,2.64,3.2,2.87,2.11,2.52,2.52,3.2,3.64
IL.5,3.95,3.95,3.95,3.95,3.95,3.95,3.95,36.59,48.61,40.06,29.53,27.73,29.53,33.08,48.61,5.11,5.11,24.11,79.86,31.31,46.91,50.3,36.59,33.08,45.21,53.66,41.78,43.5,25.93,25.93,33.08,132.89,29.53,5.11,40.06,46.91,34.84,55.33,17.79,3.95,3.95,3.95,27.73,50.3,46.91,40.06,25.93,58.66,29.53,58.66,40.06,5.11,5.11,5.11,22.28,43.5,33.08,53.66,29.53,5.11,5.11,29.53,24.11,33.08,5.11,25.93,63.62,29.53,4.44,4.44,4.44,43.83,38.89,3.95,3.95,17.79,3.95,4.44,4.44,4.44,26.02,26.02,4.44,4.44,4.44,4.44,4.44,4.44,4.44,4.44,4.44,4.44,4.44,20.57,4.44,4.44,4.44,4.44,4.44,4.44,4.44,4.44,3.95,248.47,3.95,4.44,46.26,33.84,4.44,4.44,36.38,26.02,46.26,26.02,4.44,4.44,4.44,4.44,4.44,26.02,4.44,4.44,4.44,4.44,4.44,69.61,4.44,4.44,4.44,4.44,4.44,4.44,4.44,46.26,4.44,4.44,3.95,38.17,3.95,3.95,3.95,4.44,4.44,4.44,4.44,121.17,4.44,4.44,4.44,26.02,4.44,36.38,4.44,74.1,4.44,21.29,21.29,21.29,21.29,126.71,126.71,21.29,21.29,21.29,85.14,21.29,21.29,5.85,23.41,28.23,32.95,21.29,21.29,21.29,21.29,21.29,21.29,21.29,21.29,21.29,21.29,21.29,21.29,21.29,21.29,21.29,21.29,21.29,21.29,21.29,68.38,51.08,5.85,5.85,21.29,21.29,21.29,21.29,21.29,21.29,145.6,21.29,21.29,92.53,21.29,21.29,21.29,21.29,21.29,21.29,21.29,21.29,5.85,5.85,5.85,5.85,21.29,21.29,21.29,21.29,21.29,21.29,21.29,21.29,21.29,21.29,21.29,21.29,21.29,21.29,113.51,310.81,21.29,21.29,21.29,5.85,5.85,59.81,5.85,21.29,21.29,3.95,3.95,3.95,5.85,21.29,21.29,21.29,21.29,21.29,21.29,21.29,21.29,21.29,21.29,21.29,21.29,21.29,21.29,21.29,21.29,21.29,46.64,42.14,21.29,21.29,21.29,3.95,3.95,3.95,3.95,17.79,90.05,3.95,3.95,3.95,3.95,3.95,3.95,3.95,3.95,3.95,68.35,3.95,21.59,25.18,31.89,3.95,3.95,3.95,3.95,3.95,64.12,32.95,59.81,72.62,3.95,3.95,3.95,5.85,5.85,5.85,5.85,175.3,227.11,515.77,998.45,5.85,5.85,5.85,5.85,5.85,5.85,5.85,5.85,5.85,5.85,5.85,5.85,5.85,5.85,5.85,5.85,5.85,28.23,5.85,76.82,97.42,66.25,5.85,5.85,5.85,5.85,5.85,5.85,32.95,5.85,5.85,5.85,5.85,5.85,23.41,5.85,23.41,32.95,5.85,5.85,37.58,28.23,5.85,5.85,5.85,29.42,77.86,60.89,47.75,24.62,67.32,5.85,29.42,49.97,24.62,90.28,56.56,5.85,5.85,29.42,5.85,5.85,5.85,5.85,49.97,5.85,29.42,5.85,54.37,5.85,5.85,5.85,24.62,5.85,41.01,73.67,67.32,29.42,47.75,29.42,5.85,5.85,5.85,5.85,80.64,31.89,3.95,17.79,35.08,65.19,5.85,69.44,5.85,27.04,5.85,34.12,5.85,34.12,5.85,5.85,84.1,122.41,5.85,29.42,38.73,5.85,5.85,5.85,5.85,5.85,5.85,5.85,5.85,164.9,211.55,542.85,485.21,54.37,43.27,73.67,77.86,52.18,5.85,29.42,47.75,5.85,38.17,3.95,3.95,44.12,5.85,5.85,5.85,5.85,5.85,43.27,5.85,116.47,5.85,5.85,5.85,5.85,5.85,53.66,50.3,5.11,5.11,5.11,5.11,5.11,5.11,5.11,29.53,22.28,5.11,5.11,151.03,95.76,40.06,33.08,25.93,34.84,40.06,33.08,109.83,58.66,36.59,5.11,5.11,5.11,5.11,3.95,3.95,3.95,3.95,5.11,5.11,5.11,5.11,50.3,45.21,25.93,5.11,29.53,5.11,22.28,25.93,5.11,40.06,33.08,5.11,5.11,5.11,29.53,5.11,5.11,25.93,36.59,22.28,5.11,5.11,5.11,29.53,5.11,46.91,70.16,70.86,3.95,38.17,38.17,5.11,5.11,36.59,50.3,5.11,5.11,474.13,224.56,256.1,5.11,40.06,25.93,57,25.93,36.59,46.91,40.06,50.3,43.5,43.5,27.73,33.08,43.5,5.11,5.11,43.5,5.11,22.28,3.95,3.95,3.95,3.95,63.62,102.04,45.21,241.81,51.98,46.91,70.16,5.11,5.11,5.11,36.59,53.66,60.32,50.3,46.91,66.9,50.3,22.28,22.28,5.11,22.28,29.53,33.08,24.11,43.5,46.91,57,5.11,22.28,25.93,41.78,57,40.06
IL.6,51.63,29.02,6.92,4.53,4.84,13.51,10.59,0.45,9.28,14.55,12.14,7.07,4.62,4.17,9.61,5.18,8.84,7.3,7.18,8.84,5.63,3.95,3.05,2.59,5.29,3.27,5.96,3.5,0.45,1.91,3.16,5.63,7.3,10.27,4.62,1.79,11.81,3.95,22.92,3.22,1.95,2.51,4.4,4.4,2.82,5.07,2.59,4.17,1.91,3.95,3.05,0.45,0.45,0.45,5.8,3.22,3.89,31.41,2.31,0.45,3.44,10.88,2.08,23.73,10.99,3.89,6.57,1.85,33.47,61.5,25,26.24,28.87,9.27,6.34,5.15,4.84,3.91,2.49,7.68,14.57,29.64,10.34,7.34,3.56,4.96,4.96,24.53,9.35,8.35,6.67,7.68,10.17,45.43,7.85,4.61,3.91,20.3,2.49,17.45,7.68,8.02,6.63,72.32,3.89,5.65,11,11.16,3.91,3.56,7.18,8.35,9.18,7.34,6.67,162.1,29.95,3.56,5.99,5.99,3.91,2.49,4.96,2.49,1.76,35.3,12.95,4.61,6.16,3.21,1.76,3.21,3.91,3.21,3.21,2.31,21.1,40.41,42.9,34.08,28.25,7.01,3.91,1.76,1.94,12.95,2.67,2.85,8.35,11.65,28.71,27.48,18.4,12.3,6.33,8.85,8.52,13.76,4.09,29.79,182.57,68.27,76.31,105.84,155.3,9.84,4.26,4.76,8.24,4.99,12.74,0.44,2.31,4.96,2.67,4.09,3.38,65.33,24.53,7.51,29.18,57.5,80.98,32.55,3.03,4.79,7.85,5.82,27.94,126.45,46.94,13.9,3.35,4.53,5.82,37.74,7.18,8.85,13.44,6.5,150.06,9.18,57.5,93.74,26.08,113.3,45.58,8.52,6.5,5.65,47.38,67.83,0.51,4.76,2.24,5.68,33.17,18.88,8.85,23.91,10.17,52.75,25,12.14,8.35,64.15,68.41,71.34,41.97,159.97,15.69,5.47,14.08,6.5,41.97,9.33,72.93,153.8,51.05,16.97,46.48,112.97,117.09,192.42,40.85,84.76,9.18,9.84,14.08,7.18,9.51,3.74,12.14,31.64,63.12,4.09,5.99,2.49,2.31,5.82,3.74,3.56,127.62,41.83,0.44,3.38,4.79,31.29,11.75,10.85,14.74,3.22,6.63,6.63,3.22,0.33,22.24,2.14,3.56,1.33,22.13,0.33,45.49,8.04,7.77,6.34,13.75,11.11,0.33,11.49,1.75,3.56,236.07,79.97,84.18,655,19.6,6.92,5.46,2.62,2.74,7.02,5.9,10.94,3.59,9.87,9.22,5.79,5.45,2.98,0.51,24.75,3.82,6.35,15.67,38.28,10.3,3.35,2.37,7.36,27.36,0.51,5.45,16.5,5.22,3.11,7.91,4.53,5.56,24.15,11.58,4.76,7.69,9.44,9.76,9.87,0.51,0.51,3.47,2.86,5.79,15.57,4.99,4.06,4.53,2.86,2.74,4.06,18.56,5.22,2.37,11.79,123.7,115.09,10.03,9.16,183.74,6.75,5.85,4.24,8.51,10.46,13.01,8.07,3.04,3.04,0.51,8.07,3.76,4.59,6.75,12.16,4.24,2.55,2.05,2.8,12.8,39.52,14.47,7.3,11.53,57.16,9.6,4.24,4,5.16,3.04,3.29,3.76,2.55,7.63,15.95,16.19,11.23,5,51.53,187.63,5.62,11.95,2.8,7.41,3.29,7.41,78.55,26.31,15.83,8.07,9.16,11.63,12.16,5.62,2.55,30.01,22.28,68.2,34.08,83.44,31,8.07,3.88,17.38,15.52,20.04,4.7,17.38,61.85,6.19,15.31,9.6,17.89,10.03,5.85,0.51,11.23,3.22,2.33,6.34,10.67,3.29,2.18,5.85,14.47,4.24,0.51,7.85,0.51,2.8,2.55,6.97,18.61,12.47,40.42,5.52,6.3,0.45,0.45,3.39,3.27,28.12,2.93,3.61,2.93,4.74,8.73,5.41,25.41,14.98,2.71,4.74,94.18,3.95,7.41,8.07,15.75,4.85,4.06,3.61,3.16,12.76,3.22,3.05,14.98,14.22,16.62,88.88,32.01,8.07,5.29,16.95,2.71,3.16,0.45,2.02,26.06,4.96,11.7,8.29,2.93,0.45,2.93,4.51,4.4,7.63,14.66,20.1,4.06,12.69,6.3,5.85,5.18,26.17,35.35,41.5,26.38,0.33,0.33,3.56,5.41,2.93,34.27,3.61,0.45,0.45,35.78,17.27,6.52,14.87,128.69,277.43,80.65,15.09,36.43,8.84,83.03,513.31,65.1,34.27,6.85,5.07,3.95,4.17,33.52,7.18,5.07,4.29,72.71,5.46,2.87,0.33,80.65,60.04,13.02,68.34,5.07,3.39,16.95,3.84,3.72,0.45,5.29,3.84,4.51,7.96,10.6,4.85,3.39,0.45,0.45,22.7,3.27,2.82,0.45,2.82,9.72,6.85,4.06,1.91,26.49,15.53,8.84,3.5,2.37
IL.7,44.02,34.75,55.64,48,43.21,25.47,32.97,19.09,25.46,26.69,20.39,22.95,24.21,24.84,35.06,21.68,22.95,27.92,41.93,29.13,24.84,36.8,32.72,29.73,24.21,30.34,29.13,19.09,21.04,22.95,25.46,97.24,30.34,17.76,27.92,27.92,20.39,16.42,38.21,32.97,35.63,46.42,29.13,31.53,33.89,28.53,24.21,30.34,40.8,45.83,33.89,20.39,17.76,21.84,38.1,39.81,34.04,31.68,35.21,19.25,23.11,2.42,31.68,20.55,15.23,34.04,53.05,44.86,37.61,50.23,44.83,40.86,33.44,17.05,41.57,23.48,31.16,37.61,35.12,56.95,30,38.43,39.25,45.61,54.74,43.25,39.25,40.86,45.61,50.99,48.7,34.28,37.61,45.61,27.35,39.25,33.44,27.35,21.81,22.76,50.23,29.12,29.31,34.75,38.21,32.59,39.25,41.66,19.89,30.87,46.39,37.61,35.12,24.62,23.7,23.7,29.12,19.89,40.06,35.96,17.91,21.81,34.28,37.61,17.91,48.7,40.06,35.96,37.61,19.89,19.89,19.89,31.73,51.74,21.81,27.35,24.48,30.24,31.16,22.45,18.18,27.35,21.81,12.67,23.7,93.2,32.59,21.81,23.7,40.86,29.12,45.61,44.83,40.86,34.28,62.04,63.47,39.25,30.87,71.89,53.25,39.25,29.12,59.15,53.25,31.73,40.06,35.62,42.35,56.33,45.25,23.7,21.81,31.73,34.28,34.28,39.25,46.39,47.16,62.04,48.7,40.06,48.7,60.6,52.5,51.74,50.23,52.5,45.61,73.27,34.84,30.1,39.4,37.9,39.25,54.74,43.25,50.23,45.61,32.59,41.66,47.16,44.04,44.83,27.35,35.96,34.28,25.54,27.35,50.99,44.04,42.46,43.81,23.41,27.65,43.81,34.28,33.44,45.61,40.86,76.01,39.25,64.9,63.47,47.16,50.23,23.7,22.76,37.61,45.61,42.46,45.61,23.7,27.35,34.28,37.9,21.65,30.1,2.46,25.54,44.04,29.31,36.5,32.97,40.15,53.25,50.23,57.69,52.5,21.81,52.5,21.81,50.23,54.74,29.12,40.86,35.96,30.87,27.35,24.62,35.96,41.66,45.25,40.89,27.35,37.61,50.23,39.9,27.42,29.31,23.48,32.97,44.82,32.97,23.48,29.31,27.42,23.48,37.36,38.21,25.47,31.16,32.97,27.42,14.72,32.97,27.42,19.28,19.28,9.55,32.97,25.47,46.67,23.41,46.67,36.38,25.47,32.07,46.42,17.99,44.53,40.89,19.84,44.53,43.81,33.29,34.84,46.67,46.67,30.1,26.82,34.84,26.82,49.49,56.33,28.48,42.35,40.15,48.09,23.41,25.98,2.46,48.09,12.02,19.84,30.1,21.65,29.29,52.26,26.82,28.48,39.4,33.29,26.82,37.14,64.89,37.9,33.29,42.35,33.29,30.1,20.75,36.38,28.48,17.99,37.9,31.71,43.81,37.14,28.48,43.81,23.41,28.88,32.89,45.61,45.61,49.14,31.31,22.09,37.52,35.23,48.44,67.13,43.45,28.88,38.28,32.1,32.1,36.76,41.25,37.52,31.31,33.68,20.3,33.68,22.09,23.84,28.88,36.76,25.56,29.7,26.4,72.19,39.03,31.31,39.77,49.84,32.1,40.52,39.77,25.56,52.63,30.24,34.75,43.21,54.14,22.09,25.56,69.68,25.56,33.68,25.56,38.28,27.24,32.89,35.23,47.03,47.74,68.41,25.56,23.84,38.28,30.51,33.68,18.46,20.3,25.56,27.24,41.25,28.88,32.1,41.25,38.28,38.28,30.51,25.56,62.62,36.76,37.52,41.25,33.68,38.28,20.3,46.42,27.42,25.47,39.9,28.06,39.77,41.25,44.89,32.89,35.23,24.7,22.09,32.1,29.7,20.3,40.52,25.56,45.83,44.72,50.22,27.31,28.53,36.8,30.34,45.83,24.84,29.73,39.1,23.58,33.31,23.58,29.73,32.12,28.53,29.73,36.8,36.8,34.48,70.16,52.38,32.12,24.84,35.64,39.1,26.08,34.75,35.63,34.75,40.74,33.89,35.64,32.12,29.73,49.67,40.23,22.32,28.53,36.8,36.8,33.89,29.73,26.08,32.12,22.95,32.12,24.84,36.8,24.84,35.64,24.84,32.12,34.48,37.38,24.84,26.08,29.73,40.23,23.58,32.72,34.48,29.31,29.31,27.42,41.57,32.12,29.73,26.08,37.95,19.74,21.04,19.74,30.34,50.22,26.08,33.31,2.42,27.92,24.21,24.21,31.53,27.92,32.72,25.46,26.69,24.21,27.92,30.93,26.69,35.06,27.31,31.53,22.32,21.41,17.05,23.48,23.48,25.46,41.93,21.68,48.58,32.72,31.53,30.93,22.95,19.74,17.76,45.83,36.22,38.53,36.8,30.34,38.53,33.89,32.72,25.46,19.74,21.68,26.69,24.21,27.31,36.22,33.89,32.72,25.46,20.39,32.72,29.13,36.22,35.64
IL.8,29.98,20.28,20.28,11,7.46,9.21,26.06,0.86,6.92,12.75,10.8,10.8,10.32,8.86,14.95,10.32,7.89,8.86,27.51,14.22,21.09,9.83,9.35,10.07,14.46,18.63,17.15,6.92,7.41,6.44,12.75,54.58,9.35,11.05,7.89,8.38,10.8,10.8,20.6,8.62,10.4,17.14,9.1,13.97,10.07,6.68,12.02,29.99,10.32,16.42,11.78,4.51,7.89,5.05,10.38,13.79,13.79,14.28,11.35,7.71,7.47,13.79,11.35,16.72,13.3,7.47,21.89,18.69,17.67,30.79,14.21,32.55,13.35,9.51,12.51,13.43,19.02,18.54,14.21,22.89,26.39,30.79,15.08,15.94,17.67,16.81,12.06,22.46,13.35,15.94,20.28,22.02,16.81,29.03,12.49,12.49,5.69,16.81,11.64,14.65,22.89,32.11,10.4,12.21,15.58,9.93,22.89,27.27,8.22,12.49,32.55,25.52,22.02,16.81,19.41,16.81,9.93,4.85,21.15,21.15,8.22,10.78,12.49,11.64,7.8,21.59,14.21,15.94,17.24,9.5,8.22,7.8,9.93,18.11,8.22,8.22,9.21,18.08,27.69,16.51,18.39,17.24,9.07,4.85,9.07,46.74,12.49,5.69,4.85,17.24,27.71,37.41,29.03,52.1,22.89,26.18,18.32,18.32,12.28,90.69,91.14,81.61,27.05,23.11,23.99,0.59,13.14,18.25,21.2,27.78,37.7,8.86,8.01,14.86,9.71,6.32,5.48,27.93,34.1,31.01,20.5,24.42,29.25,18.32,14.86,14.86,13.14,17.46,33.21,84.78,31.41,19.89,12.05,18.58,7.59,37.63,44.74,53.67,124.54,49.2,107.11,25.3,77.08,42.07,36.75,150.38,28.37,15.72,11.42,22.68,22.68,25.3,10.75,7.83,5.25,19.56,32.33,8.86,15.72,32.33,34.98,21.8,31.45,26.61,30.13,50.98,46.52,58.15,54.56,48.3,23.99,21.8,80.7,45.18,31.89,22.52,41.68,264.2,85.81,27.93,39.85,20.28,25.41,137.11,25.81,75.27,20.5,37.19,29.69,23.55,19.19,10.14,32.77,26.61,42.96,12.28,11.42,9.71,5.9,4.22,9.71,8.86,106.71,33.73,0.59,10.99,18.32,12.82,8.04,9.21,11.6,9.21,18.39,8.62,6.88,0.95,10.4,9.51,15.27,12.21,30.31,7.17,20.92,14.04,20.92,39.96,30.64,7.46,0.95,9.21,5.73,6.3,129.75,133.83,235.39,312.06,10.1,15.27,14.65,6.86,15.96,15.96,10.1,20.55,17.92,15.31,24.16,19.89,18.25,13.02,12.37,13.35,15.96,32.07,78.08,22.52,14,8.8,16.29,18.58,33.73,0.79,19.89,4.28,9.45,10.1,9.45,21.86,99.96,22.19,17.27,16.61,17.92,12.7,17.27,31.74,10.75,8.8,12.7,11.4,14.65,18.58,13.35,15.96,15.96,16.61,9.77,17.27,33.06,12.05,31.08,24.49,40.35,29.1,20.87,20.55,69.02,15.96,6.86,11.4,22.52,36.37,81.1,52.32,16.29,15.96,12.7,24.82,12.05,24.16,27.78,26.46,14.65,11.07,14,21.86,21.2,51.65,26.46,21.86,21.2,26.46,15.96,14.65,11.4,20.87,16.61,13.35,14,13.35,15.31,46.75,24.12,41.31,22.84,97.07,43.67,10.1,114.16,9.45,13.35,13.35,23.17,42.01,36.37,15.96,17.92,35.05,59.99,12.7,13.67,19.23,25.15,21.53,22.19,41.35,25.15,24.49,23.17,20.22,21.86,21.86,13.67,8.8,21.2,21.86,22.84,40.02,19.23,13.35,24.49,39.02,15.96,16.51,5.17,11.6,15.27,15.31,12.05,8.8,23.83,13.35,15.31,8.15,15.96,5.57,11.4,6.86,20.55,12.7,24.29,22.81,22.32,20.59,14.46,10.32,12.99,12.51,14.95,17.89,12.02,8.13,13.73,12.51,22.81,17.64,15.93,12.51,14.46,25.28,19.36,36.97,24.79,29.25,12.99,12.51,11.78,7.65,13.73,13.73,16.51,20.28,20.84,11.78,12.02,28.25,19.36,13.97,15.93,12.26,12.02,9.35,12.51,16.42,9.59,14.7,8.13,8.62,9.1,8.62,16.17,17.4,7.65,10.8,15.93,12.51,8.62,6.68,10.07,13.97,10.56,27.26,25.28,19.34,7.46,11.3,11,9.83,12.99,11.05,15.44,7.41,4.27,13.97,14.22,17.89,15.44,40.72,58.64,69.35,11.29,15.68,31.48,45.49,144.3,24.29,17.15,6.2,8.38,11.05,21.09,20.1,23.06,21.58,24.04,17.76,6.3,14.96,15.89,24.54,26.02,14.95,26.02,18.38,11.29,17.64,6.92,7.89,6.92,18.13,20.1,17.15,16.66,15.68,22.07,11.78,10.56,13.24,12.75,11.78,11.29,7.65,11.53,11.05,9.35,15.19,14.22,8.62,8.38,9.35,11.53,11.78
IL.9,200.19,220.83,240.22,187.61,182.92,280.34,311.1,146.29,187.29,169.07,178.35,196.22,192.08,200.05,187.29,186.02,195.27,189.85,201.64,180.59,234.41,239.17,231.23,201.64,177.71,175.15,186.33,189.21,175.15,166.83,172.59,250.29,194.31,204.51,150.79,165.55,210.24,187.29,302.13,210.53,233.19,254.23,194.95,207.37,219.47,170.03,194.95,248.06,200.05,187.93,211.51,200.69,209.92,219.31,214.22,221.85,216.76,185.86,221.53,227.57,193.19,195.11,242.19,219.31,253.62,179.15,200.84,173.71,193.98,200.63,237.22,213.11,232.56,286.57,270.96,298.68,262.26,265.87,225.57,275.92,184.97,201.41,229.06,256.59,267.8,263.55,238.38,232.56,233.34,255.82,248.07,263.17,217.79,217.01,221.68,277.07,262.39,178.69,192.81,206.87,242.65,204.53,207.68,279.3,270.27,184.19,206.48,209.21,246.91,293.66,327.92,275.53,298.28,217.79,283.63,207.65,268.19,253.5,258.53,240.71,184.58,230.23,178.3,230.23,258.14,275.92,225.96,195.94,230.23,195.15,242.26,202.19,253.11,284.41,251.17,221.68,200.54,175.67,276.87,314.89,313.17,183.4,199.84,225.96,234.89,251.17,254.27,204.92,197.5,192.02,188.89,195.15,226.34,241.48,268.19,283.44,235.86,223.43,225.76,323.88,253.3,227.7,253.69,236.25,216.81,175.35,188.69,230.12,221.81,256.87,300.78,268,272.25,218.76,238.58,204.34,196.13,265.68,250.59,321.19,260.27,209.8,216.03,229.26,210.58,233.92,219.15,242.07,207.07,195.74,301.53,307.52,245.2,259.88,196.52,229.65,229.26,213.7,201.99,218.37,203.17,212.14,196.91,284.6,232.37,178.89,245.56,218.37,230.04,213.7,173.78,214.48,204.03,236.91,254.61,322.49,227.7,172.99,169.05,217.59,259.49,205.12,177.71,243.23,183.99,192.61,196.52,183.2,228.87,223.43,188.69,257.17,203.56,127.39,168.27,197.58,261.76,253.49,248.97,200.82,204.34,222.6,193.73,131.21,219.92,264.52,212.14,254.85,227.7,201.21,212.92,235.86,194.18,187.91,229.26,184.77,171.81,187.91,204.34,203.56,183.2,181.64,257.25,208.57,195.74,191.83,236.64,209.82,234.59,252.13,206.26,220.83,261.91,245.13,213.73,208.4,191.22,190.5,222.24,184,203.4,216.93,255.63,271.66,226.84,269.57,205.55,241.62,211.96,251.43,271.66,255.98,236.91,204.03,205.92,56.41,219.76,234.59,250.73,273.03,203.65,244.45,306.77,221.81,254.99,279.41,624.37,239.93,303.03,279.41,259.5,191.13,215.01,304.15,462.75,281.29,183.9,199.1,238.42,267.02,314.26,36.47,264.77,117.89,254.24,238.8,307.52,351.26,325.1,186.94,208.95,302.28,267.02,244.45,230.88,275.28,242.94,218.03,240.31,229.74,251.23,279.79,240.68,276.78,230.12,225.97,193.78,156.42,306.77,259.13,209.71,304.15,141.45,193.4,167.13,160.63,296.66,268.15,96.45,103.88,197.2,328.1,453.8,242.57,185.8,166.75,172.85,219.92,109.34,219.17,268.15,163.69,179.33,119.44,141.06,155.27,133.74,108.17,246.33,153.35,140.68,118.28,165.98,131.43,188.85,292.91,247.09,116.72,124.47,111.28,130.66,213.38,181.11,231.07,245.83,241.62,205.54,151.05,431.07,80.72,129.89,230.5,248.59,223.33,254.61,211.6,205.16,254.61,228.61,187.32,112.84,159.1,213.87,216.9,170.18,115.56,156.42,129.89,129.89,332.96,219.92,261.38,344.54,297.41,103.88,165.22,136.83,189.61,222.19,200.99,169.8,175.14,72.8,237.41,207.33,255.63,250.03,122.54,118.28,196.44,220.68,125.25,144.52,123.7,155.27,80.72,111.28,134.13,221.06,132.2,223.6,222.33,227.41,171.31,163.63,183.46,200.69,195.9,166.19,173.23,188.89,206.74,160.74,207.69,276.94,171.31,205.14,202.28,196.22,173.55,189.21,226.78,208.33,186.33,182.82,152.08,146.29,150.79,181.83,146.24,194.81,180.02,190.48,175.15,206.42,293.44,180.91,175.15,162.99,182.82,180.91,206.74,201,171.31,151.76,217.56,175.15,182.18,178.35,169.39,242.03,203.55,189.85,140.82,140.5,157.86,150.15,168.75,175.15,197.5,162.35,167.47,196.86,271.66,193.73,254.23,230.01,152.08,178.99,157.86,134.69,146.94,147.58,198.77,200.69,186.02,170.67,177.07,71.58,230.59,164.27,181.86,186.33,217.88,215.33,155.29,160.1,154.01,182.5,204.19,85.82,91.09,85.82,105.5,136.63,181.11,129.31,236.35,297.3,164.91,202.92,178.99,245.84,215.97,224.87,241.39,168.75,166.83,170.03,177.71,207.06,197.5,180.27,215.01,251.56,172.91,190.48,202.28,178.35,156.25,151.44,143.4,185.38,179.63,198.77,206.42,174.51,170.67,188.57,162.03,168.11,178.99
IL.10,5.93,7.04,9.11,4.34,2.99,5.55,4.75,0.87,5,4.06,0.87,0.87,4.53,3.59,7.33,0.87,0.87,5.23,5.93,7.56,5.47,5,5.47,7.33,8.02,6.86,8.25,0.87,3.59,0.87,7.09,43.2,5.47,8.71,5.47,5.47,5,0.87,12.89,3.91,9.11,10.73,6.17,6.17,5.93,7.33,7.56,18.94,3.59,7.33,5.47,0.87,0.87,3.82,7.09,5.7,4.77,7.09,7.79,0.87,4.3,4.3,6.17,0.87,0.87,7.56,15.78,11,7.15,6.86,6.01,5.43,0.84,3.91,4.75,5.55,6.3,7.15,5.43,13.78,9.39,8.55,7.15,7.71,4.85,6.01,0.84,4.85,7.71,9.39,7.71,6.58,5.43,9.67,0.84,4.85,4.85,4.56,0.84,7.71,11.05,3.38,0.62,5.15,3.91,4.56,13.51,9.39,0.84,3.68,13.24,6.58,8.55,5.43,5.14,5.43,0.84,0.84,7.71,9.39,0.84,0.84,5.14,4.85,0.84,11.05,4.85,4.85,5.43,0.84,0.84,0.84,0.84,7.43,3.68,0.84,3.91,7.74,6.3,5.55,5.55,6.01,0.84,0.84,4.27,22.86,3.68,0.84,0.84,3.68,4.85,7.71,7.15,6.58,9.95,14.86,11.05,8.55,0.84,8.83,32.28,14.32,16.48,5.72,4.27,0.84,4.27,8.69,10.03,16.59,19.18,0.84,0.84,0.84,0.84,3.97,0.84,46.21,14.32,13.24,13.24,7.71,10.5,11.87,5.43,8.27,9.95,6.58,204.62,29.16,17.11,6,6.27,4.36,4.56,10.5,8.27,8.27,9.95,7.71,16.48,7.71,17.02,14.05,9.39,23.39,6.58,0.84,0.84,5.43,11.6,7.71,0.95,0.95,0.95,0.95,9.95,3.68,0.84,0.84,13.24,3.97,11.05,9.95,13.24,12.97,6.58,7.15,4.27,7.43,6.58,6.58,7.71,8.27,9.39,7.35,7.35,80.4,25.37,6.01,13.24,17.79,12.28,16.11,8.69,13.24,6.01,10.77,11.05,0.84,4.27,0.84,10.5,11.87,6.01,5.43,4.85,3.38,0.84,0.84,4.27,3.68,12.93,11.35,0.84,3.68,3.97,6.3,0.62,7.74,9.76,5.55,11.04,5.55,0.62,0.62,0.62,0.62,10.09,7.04,6.3,5.93,9.11,5.55,24.74,13.19,14.08,3.46,0.62,7.39,0.62,0.62,16.85,7.62,22.54,13.72,4.75,5.55,11.04,0.95,14.5,9.23,3.81,5.73,6.55,3.81,6.27,0.95,0.95,0.95,0.95,5.46,6,12.4,27.41,8.16,0.95,4.64,6.55,0.95,0.95,0.95,4.91,0.95,0.95,4.91,7.62,15.55,22.8,7.09,3.81,4.36,0.95,4.64,4.36,16.59,4.36,0.95,4.91,0.95,0.95,8.16,5.73,3.81,0.95,4.36,4.36,7.09,5.73,0.95,0.95,0.95,7.89,15.29,7.35,11.09,5.73,11.09,0.95,4.64,4.64,10.56,32.26,11.88,4.64,4.64,0.95,12.14,0.95,6.82,9.49,4.09,6.82,0.95,4.64,5.19,7.09,5.73,10.56,6.55,8.43,11.09,56.54,8.43,27.93,26.39,10.03,5.19,6.27,5.19,0.95,12.89,7.39,0.62,3.91,11.67,21.25,9.76,27.67,0.95,4.09,0.95,4.09,9.49,12.14,0.95,6.27,11.09,16.85,0.95,0.95,9.49,6.27,0.95,0.95,13.72,5.46,6.82,9.49,0.95,0.95,6.82,4.09,13.72,9.49,10.56,12.14,12.14,0.95,5.73,7.89,8.96,0.95,13.49,0.62,0.62,5.15,0.95,0.95,0.95,8.43,5.19,4.64,0.95,0.95,0.95,3.81,0.95,0.95,0.95,8.71,10.77,8.48,3.82,7.56,6.17,0.87,5.7,6.63,4.77,6.63,0.87,3.82,4.77,0.87,5.93,7.09,5.7,7.56,8.25,8.48,25.25,14.42,7.09,3.82,6.63,3.82,0.87,2.99,2.99,8.43,0.62,8.48,0.87,0.87,8.02,7.56,7.33,6.4,3.82,7.56,6.17,5.23,5.23,0.87,0.87,0.87,3.82,4.3,3.82,6.4,8.48,4.3,0.87,5.93,5,0.87,3.82,4.77,7.79,0.87,7.09,8.94,21.86,0.62,0.62,7.74,3.59,5.7,5.23,4.53,0.87,6.86,0.87,4.77,10.54,7.09,21.65,32.21,10.31,8.71,9.63,8.71,10.09,38.49,6.4,6.86,4.06,4.53,4.53,6.4,8.71,6.86,4.77,5.47,2.99,0.62,0.62,2.99,20.07,13.96,5.23,9.17,7.33,6.86,4.06,0.87,0.87,0.87,9.63,10.09,11.91,10.09,4.77,9.63,8.25,4.06,4.53,4.53,5.47,6.86,4.06,4.06,6.86,5,5.93,0.87,0.87,6.4,7.56,8.71,8.25
IL.12,8.44,1.88,12.02,8.44,12.91,7.54,1.88,1.88,1.88,1.88,1.88,1.88,1.88,1.88,1.88,1.88,1.88,1.88,10.08,1.88,1.88,8.61,1.88,1.88,1.88,1.88,1.88,1.88,1.88,1.88,1.88,30.54,1.88,1.88,1.88,1.88,1.88,1.88,1.88,7.54,10.23,12.91,1.88,1.88,1.88,1.88,1.88,7.87,1.88,10.08,1.88,1.88,1.88,1.88,1.88,8.34,7.59,9.81,11.27,1.88,1.88,1.88,1.88,1.88,7.59,10.54,21.24,9.07,12.4,16.87,12.4,13.51,1.71,1.88,9.33,1.88,1.88,1.71,6.85,14.63,15.75,13.51,7.95,10.17,1.71,9.06,1.71,12.4,11.28,17.99,6.85,10.17,10.17,10.17,6.85,10.17,10.73,1.71,1.71,1.71,15.75,6.85,1.88,9.78,9.33,13.51,13.51,17.99,1.71,1.71,12.4,1.71,1.71,7.95,6.85,6.85,1.71,7.95,11.28,15.75,7.95,9.06,13.51,1.71,1.71,23.62,13.51,11.28,19.11,7.95,1.71,7.95,10.17,13.51,6.85,6.85,1.88,13.81,7.54,1.88,1.88,9.62,6.85,1.71,1.71,40.64,1.71,6.85,10.73,14.63,1.71,17.99,13.51,12.4,12.4,11.28,14.63,12.95,6.85,1.71,10.17,11.28,1.71,8.51,7.95,1.71,7.95,9.04,9.8,17.13,10.56,1.71,1.71,1.71,10.17,10.17,10.73,10.17,15.75,17.99,16.87,12.4,15.75,23.62,13.51,21.36,13.51,12.4,17.43,12.4,1.93,1.93,9.04,1.93,10.17,16.87,11.28,15.75,12.4,1.71,10.17,15.75,11.28,12.4,9.06,20.8,1.71,6.85,1.71,15.75,19.68,7.95,1.93,1.93,1.93,1.93,9.62,20.24,14.63,12.95,19.68,7.95,22.49,24.75,13.51,14.63,1.71,9.06,11.28,17.99,10.17,11.28,1.71,6.85,6.85,12.1,1.93,1.93,1.93,12.4,15.19,1.88,10.68,1.88,10.56,13.51,16.87,13.51,19.11,10.17,12.4,1.71,19.11,12.4,1.71,11.28,10.17,1.71,1.71,9.06,12.4,12.4,1.93,11.33,1.71,7.4,13.51,11.12,1.88,1.88,7.54,8.44,12.02,1.88,1.88,8.88,1.88,1.88,11.12,9.33,1.88,1.88,8.44,1.88,1.88,1.88,1.88,1.88,1.88,1.88,9.33,1.88,11.33,1.93,12.87,1.93,1.88,1.88,10.23,1.93,1.93,9.8,11.71,21.83,16.74,88.4,322.85,8.28,1.93,1.93,9.42,1.93,1.93,15.19,10.56,1.93,12.87,12.1,13.64,1.93,1.93,1.93,16.74,1.93,1.93,1.93,1.93,1.93,10.95,12.1,9.04,1.93,1.93,1.93,10.56,23.81,1.93,1.93,1.93,8.28,1.93,1.93,1.93,1.93,1.93,1.93,8.66,13.25,1.93,1.93,1.93,1.93,10.95,1.93,16.74,15.57,1.93,10.56,7.91,10.18,10.95,1.93,17.13,13.64,1.93,7.91,10.95,8.66,9.8,1.93,1.93,1.93,9.42,1.93,11.71,1.93,1.93,1.93,8.66,9.42,11.71,1.93,74.65,13.64,36.18,25.79,14.8,12.48,12.48,10.18,1.93,12.91,8.44,7.54,10.23,14.7,1.93,7.91,22.23,1.93,1.93,1.93,1.93,1.93,1.93,1.93,1.93,7.91,9.42,1.93,1.93,1.93,1.93,1.93,7.91,1.93,1.93,1.93,7.91,1.93,10.18,11.33,12.48,14.8,9.42,1.93,21.44,10.95,25.39,1.93,8.28,12.48,1.93,11.57,1.88,1.88,7.54,1.93,13.25,1.93,9.42,8.66,12.48,1.93,8.66,1.93,10.18,1.93,15.57,1.93,8.98,11.17,7.5,7.5,1.88,1.88,1.88,8.24,1.88,1.88,9.72,1.88,1.88,1.88,1.88,1.88,8.24,1.88,1.88,9.72,11.9,29.85,17.62,8.24,1.88,1.88,1.88,1.88,10.23,9.33,12.02,1.88,1.88,1.88,1.88,1.88,7.5,10.08,1.88,1.88,1.88,1.88,1.88,7.87,1.88,10.81,1.88,1.88,1.88,1.88,1.88,10.45,1.88,7.5,13.7,8.61,1.88,1.88,11.54,9.72,1.88,7.5,8.98,1.88,8.44,1.88,10.23,10.08,8.24,1.88,8.98,1.88,1.88,13.34,1.88,11.17,1.88,1.88,1.88,1.88,1.88,1.88,1.88,1.88,1.88,1.88,1.88,1.88,1.88,7.87,1.88,1.88,1.88,1.88,1.88,1.88,1.88,1.88,1.88,1.88,15.85,1.88,18.69,1.88,1.88,1.88,1.88,1.88,1.88,10.08,10.81,8.61,9.35,1.88,1.88,10.08,1.88,7.87,1.88,7.87,1.88,1.88,1.88,1.88,1.88,1.88,1.88,1.88,1.88,8.61,14.42,10.08
IL.13,3.69,1.66,3.06,3.69,4.59,2.39,3.69,2.8,4.07,6.68,4.07,10.06,10.25,4.68,19.88,12.04,8.24,10.25,15.72,6.88,6.68,8.24,28.18,30.96,4.48,21.49,30.96,4.68,8.53,12.59,21.49,20.15,20.15,4.48,10.53,11.94,17.72,8.05,9.32,20.53,35.58,22.65,18.26,26.43,14.81,8.24,31.14,72.78,9.78,25.91,22.38,3.65,2.37,1.54,7.52,25.69,9.63,4.22,7.52,8.1,5.94,3.18,21,3.39,4.94,5.44,7.52,16.68,12.57,9.81,11.21,16.87,5.78,2.56,18.67,13.06,10.76,12.9,35.54,37.94,7.58,27.44,27.3,21.17,6.19,23.02,24.98,12.9,42.14,59.35,13.88,41.16,26.63,13.23,7.78,46.98,11.21,17.78,13.88,10.87,27.3,19.42,4.59,3.38,2.39,20.59,16.4,10.52,19.12,39.68,73.9,33.63,62.53,74.67,64.67,1.28,13.88,18.83,61.85,86.18,5.14,7.97,9.45,21.17,28.65,10.87,20.3,18.98,30.5,7.2,8.72,10.69,26.49,35.92,36.05,29.84,17.62,10.52,19.29,19.91,6.27,5.14,19.57,17.93,25.12,35.42,14.68,13.23,5.14,20.01,6.8,15,22.32,15.16,38.69,9.63,24.15,8.16,4,6.6,36.81,25.26,11.38,5.57,7.97,14.36,14.68,36.72,33.77,63.29,59.04,1.28,3.52,15.94,25.53,17.17,10.34,33.88,40.3,83.38,99.16,30.9,26.63,28.65,10.34,27.98,12.4,48.29,20.74,56.94,14.26,3.26,3.82,3.82,25.12,18.38,44.21,39.8,10.34,21.89,26.9,6.6,9.27,41.04,35.03,32.46,19.42,9.27,10.34,14.52,14.36,19.12,17.13,15.15,6.45,4.63,36.81,10.69,16.25,5.57,10.69,4.47,15.16,18.98,19.57,12.73,5.57,3.02,16.25,7,9.27,40.55,40.3,30.64,4.92,27.44,8.2,11.29,0.34,14.04,22.32,2.03,2.73,3.06,57.75,3.52,21.89,24.98,25.26,26.35,15.63,18.98,29.71,34.52,2.21,15.94,9.99,14.36,16.56,5.35,17.78,14.52,24.56,37.21,3.52,8.72,18.38,4.3,5.72,8.59,28.62,24.74,42.68,34.28,9.08,15.16,13.73,12.83,17.62,42.14,7.96,16.24,48.2,58.31,4.3,57.88,49.96,8.08,4.15,5.02,27.08,28.91,9.4,11.29,12.21,3.4,3.69,37.6,19.19,2.38,14.7,26.21,3.54,4.9,9.88,9.29,6.96,5.68,3.26,4.63,5.68,16.58,72.23,122.11,54.95,4.09,11.87,10.12,7.95,1.77,0.34,0.34,43.41,8.92,1.77,4.36,2.23,14.93,85.18,23.94,18.65,8.32,13.36,21.95,38.58,42.84,23.31,9.88,8.56,8.44,1.62,9.88,13.58,11.29,6.45,7.46,12.67,24.97,14.48,11.29,12.44,0.34,3.26,11.52,25.8,18.11,14.14,4.9,16.69,32.87,12.44,34.85,81.33,76.12,14.26,11.87,14.48,20.04,17.78,19.62,40.91,13.24,14.03,16.04,21,15.81,11.17,13.36,24.56,18.43,19.51,18.43,5.81,13.36,4.63,5.56,10.59,13.01,6.96,13.58,2.08,16.99,16.56,58.83,22.55,73.97,1.46,16.26,108.15,23.73,7.95,30.27,43.61,14.7,14.03,22.05,19.29,47.42,65.12,4.63,48.56,76.75,6.2,7.46,2.08,4.09,6.58,3.4,4.36,2.97,12.21,5.42,3.82,1.93,16.26,9.88,26.82,49.51,32.47,7.83,23.73,47.04,18.33,15.05,5.44,6.53,4,12.44,13.24,13.81,12.21,9.76,5.42,6.45,2.97,15.81,10.12,10.59,5.68,6.71,11.19,17.27,13.8,8.15,21.58,12.59,4.89,15.82,11.94,10.53,7.86,7.56,11.94,8.53,10.25,14.9,36.74,23.7,24.67,8.82,32.44,28.09,48.32,12.78,6.39,19.07,11.66,9.3,4.3,7.83,6.8,6.27,4.78,3.96,8.92,15.45,27.04,20.6,8.72,6.78,18.53,24.32,31.4,9.3,10.25,34.85,11.76,9.68,6.78,3.55,50.51,44.08,5.79,9.68,11.85,10.82,7.95,32.26,37.6,41.7,6.19,41.19,26.17,5.72,7.32,8.21,9.2,4.37,31.4,4.48,6.29,4.27,4.17,9.11,5.19,9.68,28.27,21.49,0.34,23.44,5.89,13.98,22.91,8.24,3.02,6.29,18.08,5.19,23.97,27.83,9.01,11.1,5.29,27.31,9.97,4.88,2.73,4,4.74,25.82,22.2,6.29,23.44,12.59,16.27,8.15,10.06,9.11,5.99,14.08,33.21,25.47,20.77,12.41,20.06,17.18,4.89,24.15,14.63,23.62,9.78,7.56,7.86,8.24,31.66,29.4,5.69,2.15,3.02,2.8,28.36,19.16
IL.15,17.85,17.85,17.85,17.85,17.85,524.7,494.23,72.1,72.1,72.1,72.1,72.1,72.1,72.1,72.1,72.1,72.1,72.1,72.1,72.1,72.1,72.1,72.1,72.1,72.1,72.1,72.1,72.1,72.1,72.1,72.1,343.99,72.1,72.1,72.1,72.1,72.1,72.1,490.3,17.85,17.85,177.68,72.1,72.1,72.1,72.1,72.1,381.61,72.1,72.1,72.1,72.1,72.1,72.1,72.1,72.1,72.1,72.1,72.1,72.1,72.1,72.1,72.1,72.1,72.1,72.1,72.1,72.1,15.61,15.61,15.61,127.7,15.61,427.43,349.01,232.5,197.65,15.61,15.61,151.53,15.61,15.61,15.61,15.61,15.61,15.61,15.61,15.61,90.89,68.68,15.61,15.61,15.61,15.61,15.61,15.61,15.61,15.61,15.61,15.61,68.68,15.61,17.85,1131.13,94.54,15.61,15.61,15.61,15.61,15.61,212.63,15.61,158.99,68.68,15.61,15.61,15.61,15.61,15.61,200.04,15.61,15.61,15.61,15.61,15.61,443.69,186.96,15.61,218.76,15.61,15.61,15.61,15.61,15.61,15.61,15.61,17.85,17.85,269.84,394.94,289.97,15.61,15.61,15.61,15.61,242.35,15.61,15.61,15.61,15.61,15.61,180.21,110.22,301.22,218.76,79.27,79.27,79.27,79.27,1057.94,79.27,79.27,79.27,1206.41,1505.42,79.27,79.27,19.71,19.71,241.91,334.77,79.27,79.27,79.27,79.27,79.27,79.27,79.27,79.27,79.27,79.27,79.27,79.27,79.27,79.27,79.27,79.27,79.27,79.27,79.27,19.71,252.13,19.71,241.91,79.27,79.27,79.27,79.27,79.27,79.27,79.27,79.27,79.27,79.27,79.27,79.27,79.27,79.27,79.27,79.27,79.27,79.27,19.71,19.71,19.71,317.59,79.27,79.27,79.27,79.27,79.27,79.27,79.27,79.27,79.27,79.27,79.27,79.27,79.27,79.27,79.27,79.27,79.27,79.27,79.27,19.71,19.71,231.41,115.92,79.27,79.27,17.85,17.85,17.85,19.71,79.27,79.27,79.27,79.27,79.27,79.27,79.27,79.27,79.27,79.27,79.27,79.27,79.27,79.27,79.27,79.27,79.27,406.26,115.92,79.27,79.27,79.27,17.85,17.85,17.85,17.85,17.85,187.93,17.85,17.85,17.85,17.85,17.85,17.85,17.85,17.85,17.85,94.54,17.85,17.85,17.85,17.85,17.85,17.85,17.85,17.85,17.85,19.71,19.71,19.71,19.71,17.85,17.85,17.85,19.71,19.71,19.71,281.35,19.71,19.71,19.71,446.33,19.71,89.03,19.71,19.71,19.71,19.71,308.78,965.34,317.59,19.71,19.71,19.71,428.4,231.41,19.71,19.71,252.13,262.1,19.71,597.95,330.53,591.99,19.71,19.71,19.71,19.71,19.71,19.71,197.91,19.71,19.71,19.71,19.71,383.35,257.14,19.71,89.03,209.45,19.71,19.71,19.71,517.37,19.71,19.71,363.6,19.71,402.49,19.71,215.07,2124.98,236.7,19.71,19.71,236.7,678.08,978.85,394.9,19.71,19.71,19.71,359.57,19.71,139.26,236.7,558.53,19.71,19.71,19.71,179.74,19.71,19.71,19.71,124.01,19.71,153.51,295.26,19.71,215.07,236.7,131.78,19.71,19.71,19.71,351.42,17.85,17.85,177.68,17.85,338,179.74,19.71,760.8,19.71,247.06,257.14,295.26,19.71,19.71,19.71,19.71,573.88,675.32,236.7,19.71,19.71,19.71,19.71,19.71,19.71,89.03,19.71,19.71,124.01,19.71,19.71,166.95,203.73,19.71,308.78,209.45,680.84,203.73,19.71,19.71,321.94,19.71,17.85,17.85,17.85,248.1,19.71,19.71,19.71,107.44,19.71,19.71,19.71,295.26,19.71,19.71,19.71,203.73,19.71,72.1,415.75,72.1,72.1,72.1,72.1,72.1,72.1,72.1,72.1,72.1,72.1,72.1,306.46,72.1,72.1,72.1,72.1,72.1,72.1,72.1,330.44,72.1,72.1,72.1,72.1,72.1,72.1,17.85,17.85,17.85,17.85,72.1,72.1,1025.62,1005.91,72.1,72.1,72.1,72.1,72.1,72.1,72.1,72.1,72.1,72.1,72.1,72.1,72.1,72.1,72.1,72.1,72.1,72.1,72.1,72.1,72.1,72.1,72.1,72.1,72.1,72.1,72.1,370.09,17.85,409.16,142.47,72.1,72.1,72.1,72.1,72.1,72.1,72.1,72.1,72.1,72.1,72.1,72.1,72.1,72.1,72.1,72.1,72.1,72.1,72.1,72.1,72.1,72.1,72.1,72.1,72.1,72.1,72.1,72.1,177.68,17.85,17.85,385.18,72.1,72.1,72.1,1094.04,72.1,72.1,422.96,72.1,72.1,72.1,72.1,72.1,72.1,72.1,72.1,72.1,72.1,72.1,72.1,72.1,72.1,72.1,72.1,72.1,72.1,72.1,72.1,72.1,72.1,72.1,72.1,72.1,72.1
IL.17,42.86,34.98,51.09,41.66,39.25,28.09,36.82,15.6,20.65,27.1,22.49,21.11,25.26,21.57,28.95,25.72,20.65,24.34,33.57,25.26,28.95,28.95,28.95,26.64,27.1,26.18,24.34,22.95,19.73,18.81,23.88,42.85,28.03,17.89,19.73,22.95,24.34,18.35,27.45,35.6,33.13,40.46,28.03,25.26,26.18,24.8,27.1,27.56,28.03,37.28,31.72,15.14,16.98,24.22,34.38,33.46,36.23,35.31,22.84,26.07,24.22,17.78,26.07,24.22,21,26.99,58.58,25.14,39.57,41.39,38.97,48.63,38.97,26.16,30.63,26.81,35.6,37.76,35.35,48.63,35.35,40.18,35.95,46.22,46.22,46.82,46.22,41.39,40.18,38.97,35.35,35.35,31.73,46.82,31.73,35.35,38.97,28.12,22.09,24.5,47.42,26.31,31.88,35.6,34.98,34.75,45.01,47.42,29.32,26.31,37.76,38.97,36.56,31.73,30.53,29.32,29.32,30.53,36.56,39.57,29.32,27.51,29.32,34.15,30.53,42.59,42.59,36.56,37.76,30.53,33.54,26.91,29.32,41.99,29.32,25.7,33.13,29.36,29.36,24.2,22.89,33.54,30.53,26.91,28.12,81.33,37.76,19.07,23.29,32.94,24.5,42.59,52.26,32.94,37.76,51.05,53.47,43.8,38.97,42.59,46.82,35.95,38.97,35.35,37.76,38.97,37.76,32.95,40.14,37.38,50.65,32.94,30.53,34.15,38.97,31.73,34.15,51.05,53.47,57.09,38.97,38.37,43.8,52.86,41.99,40.18,53.47,46.22,57.09,34.15,29.63,27.41,31.84,27.41,34.15,37.76,41.39,41.99,55.89,36.56,30.53,43.8,29.32,49.24,42.59,29.32,42.59,36.56,35.95,43.8,41.39,41.99,29.08,27.41,25.2,30.18,32.94,32.94,31.73,30.53,61.94,35.35,54.07,57.09,29.92,43.8,26.31,30.53,40.18,41.39,46.22,40.18,24.5,27.51,22.69,45.12,27.41,45.12,28.52,29.32,42.59,37.43,36.82,23.55,40.14,53.47,38.97,55.28,59.51,42.59,36.56,25.7,42.59,30.53,30.53,41.39,40.18,29.32,30.53,29.32,36.56,35.35,37.38,34.06,24.5,42.59,43.8,33.13,28.09,35.6,23.55,36.21,41.06,34.98,28.09,22.22,24.2,28.09,35.6,26.16,30.63,27.45,31.25,28.09,25.51,30,22.89,31.88,19.52,30.63,31.88,24.86,34.06,11.87,38.48,17.43,28.73,28.09,44.64,25.2,34.06,32.95,26.31,32.4,34.06,32.95,26.31,32.4,29.63,25.75,29.63,29.63,29.63,31.84,35.72,28.52,36.27,29.08,44.01,31.29,20.76,2.69,41.8,22.98,24.09,21.87,19.65,31.29,31.84,28.52,28.52,29.63,39.59,35.72,35.16,47.88,26.31,31.84,35.72,30.74,27.97,22.98,38.48,35.16,22.43,35.16,36.82,41.8,39.59,24.09,35.16,25.75,29.91,24.92,33.78,48.71,34.89,26.03,19.38,23.81,27.14,31.57,34.33,29.35,37.1,43.74,24.92,27.14,30.46,34.89,34.89,24.92,24.92,20.49,29.91,28.25,17.16,18.82,31.57,27.14,28.25,16.04,15.49,29.35,19.38,29.35,41.52,27.14,32.67,35.99,15.49,39.86,39.25,31.88,40.46,41.66,25.48,26.03,29.35,13.82,13.82,19.38,18.27,25.48,27.14,35.44,39.31,29.35,29.35,19.38,21.6,31.57,26.03,31.01,19.38,16.04,16.04,19.38,23.81,26.03,29.91,39.31,25.48,22.7,27.14,19.38,49.27,23.81,31.57,35.99,30.46,32.67,16.6,55.14,29.36,26.16,38.04,27.14,41.52,40.42,57.01,31.57,31.57,21.6,23.81,19.93,28.25,17.16,34.33,18.27,37.05,30.1,33.34,23.19,19.5,23.19,26.41,30.57,21.34,32.42,29.64,21.34,25.95,31.49,25.03,25.95,26.87,27.8,29.64,39.36,35.66,65.02,44.47,24.57,24.11,25.49,24.11,23.19,42.86,24.86,38.04,30.63,29.64,33.8,30.57,30.57,42.61,28.72,28.72,33.34,32.88,25.95,25.95,26.87,27.8,31.49,25.95,30.57,25.03,22.26,22.72,33.34,26.87,25.95,31.49,22.26,21.34,22.26,29.64,31.49,15.37,27.8,25.03,26.81,25.51,26.81,46.41,30.1,30.57,25.95,30.57,18.58,18.58,19.96,25.95,38.9,28.72,32.42,2.7,25.26,24.34,23.42,28.95,31.72,27.1,20.65,18.81,28.03,25.26,28.95,16.98,23.42,24.34,18.35,16.06,16.75,20.88,29.36,25.51,25.26,36.35,26.18,56.83,29.87,30.34,28.03,22.49,22.49,24.34,32.65,32.65,32.18,28.95,27.56,39.6,30.8,32.65,25.26,21.57,24.34,22.49,17.89,28.03,28.95,30.8,25.26,30.8,26.18,39.13,21.11,28.03,35.42
Eotaxin,58.38,66.42,29,95.63,59.72,95.8,111.94,23.19,31.66,29.45,23.81,30.85,28.5,31.59,74.24,94.23,38.79,55.59,30.85,24.58,34.55,73.13,56.71,73.68,25.71,47.66,59.44,50.47,28.64,36.7,30.45,89.7,50.58,27.98,45.62,45.01,28.24,54.63,42.82,25.33,29.53,37.23,62.93,43.28,60.76,20.72,22.43,44.98,77.42,107.33,111.45,9.74,12.06,17.25,50.91,73.86,67.95,23.28,37.5,54.34,52.66,20.3,35.49,38.95,46.35,28.48,30.54,24.82,65.52,68.85,75.82,90.14,68.48,89.69,54.66,69.23,64.59,63.87,74.56,81.62,34.65,78.56,80.46,79.14,211.1,157.09,181.4,62.44,80.09,107.85,92.88,102.68,95.78,36.22,58.18,79.46,64.67,32.62,28.62,42.36,51,44.6,32.05,58.34,66.78,93.04,49.86,58.93,37.78,65.83,119.02,58.61,54.86,72.5,56.36,86.72,58.82,40.65,52.72,55.61,40.98,48.02,50.67,132.01,92.83,85.99,74.4,106.64,78.93,95.67,85.09,84.72,131.37,115.1,123.91,138.21,40.9,37.69,49.64,48.9,35.48,46.56,35.43,52.29,59.67,119.66,66.26,81.14,94.2,131.15,99.36,92.62,57.32,97.99,70.23,211.33,186.94,66.1,68.69,287.6,127.79,144.07,71.76,111.87,104.37,46.89,78.46,79.97,61.8,62.06,77.95,43.4,54.86,93.72,86.88,56.04,52.66,107.64,82.78,109.44,145.2,51.64,56.63,40.43,63.02,77.61,89.09,120.67,73.4,236.91,95.35,58.37,50.03,71.97,74.13,40.05,46.61,68.11,129.23,36.38,98.57,47.97,95.09,45.31,41.75,114.89,57.16,64.08,80.14,58.45,43.45,45.96,137.21,134.31,120.42,148.88,71.13,41.86,52.29,70.44,86.46,74.4,61.96,58.45,53.58,41.64,59.88,36.22,93.83,55.88,60.36,136.23,62.49,89.62,45.96,36.65,52.22,107.35,38.39,61,59.46,41.59,38.76,76.06,58.05,68.85,69.54,93.62,58.02,71.18,70.17,68.11,107.32,81.56,53.63,61.96,64.51,80.41,66.47,37.83,52.61,38.16,211.34,46.07,75.08,67.21,84.78,24.33,47.82,51.7,34.33,58.22,55.44,50.26,33.91,27.36,35.48,19.39,39.75,66.62,44.97,53.02,36.89,44.28,53.88,75.16,89.98,40.06,49.14,37.23,46.59,42.51,70.94,68.22,134.73,231.38,27.09,35.44,74.07,75.05,82.56,61.08,40.71,76.79,69.91,94.27,87.18,67.41,72.5,115.87,65.76,29.75,43.35,80.28,51.99,92.34,51.37,45.04,38.17,86.91,46.47,1.46,31.18,7.08,83.95,87.99,82.92,87.63,79.03,44.95,30.47,104.73,66.61,61.71,56.9,57.52,48.07,70.05,78.27,50.12,83.95,95.08,59.66,93.96,86.37,64.56,43.17,56,84.31,39.6,158.91,110.52,61.57,108.12,32.08,65.18,150.64,88.39,24.62,38.88,83.14,107.49,84.31,103.01,40.94,60.28,51.37,120.33,48.96,85.3,87.45,107.22,46.02,33.87,34.05,42.54,74.82,99.32,57.79,37.18,40.13,84.49,70,63.58,73.8,82.97,72.59,37.36,45.58,37.81,73.93,48.32,35.48,70.59,44.58,126.73,117.87,25.79,98.32,51.82,94.09,83.23,105.77,63.31,152.95,62.42,85.65,165.07,150.13,46.65,64.29,93.1,29.66,28.71,24.12,116.51,143.05,45.13,36.56,182.38,85.21,62.11,101.8,70.98,20.5,43.21,27.77,108.71,74.82,66.08,70.27,45,29.34,56.22,56.46,73.66,66.18,81.53,97.56,126.9,142.5,66.26,47.98,52.35,54.58,79.03,69.38,87,149.52,35.71,86.27,65.37,67.32,31.09,47.91,63.26,63.38,75.61,44.99,25.88,40.97,59.15,49.61,34.01,63.19,56.23,25.14,35.38,47.64,58.27,49.27,50.87,72.28,50.18,46.69,58.61,60.93,47.3,28.84,81.22,42.47,97.5,35.27,45.75,49.35,79.6,105.68,75.61,19.57,22.15,36.31,65.76,59.08,43.38,55.61,45.71,45.03,36.94,37.46,46.16,61.21,33.23,39.78,51.1,26.72,37.76,28.66,33.6,28.66,28.22,23.17,56.69,60.82,51.39,30.56,39.6,49.72,28.48,40.56,25.03,40.9,44.81,45.03,39.63,31.83,31.2,37.09,40.6,21.77,52.99,29.53,33.88,49.37,46.18,53.06,24.32,38.56,47.96,59.25,39.98,30.85,53.29,53.75,81.42,102.2,50.38,43.39,41.28,94.61,29.3,13.83,29.53,66.83,59.99,62.62,48.04,22.21,36.03,35.36,68.64,66.52,54.98,30.04,26.77,58.59,42.79,44.52,49.52,17.05,13.87,27.1,27.4,34.62,25.89,32.44,47.51,65.66,28.06,32.84,23.45,36.37,58.83
IP.10,3808,1412.62,401.7,298.32,319.89,501.67,689.21,533.39,1899.09,3105.62,419.3,445.4,459.22,541.97,3500.74,1251.04,582.62,538.66,2460.68,1727.75,1669.75,681.44,724.38,754.17,5226.28,3361.84,2759.62,588.49,381.81,373.59,960.6,629.32,390.42,4349.15,433.13,431.38,3557.33,2192.46,3322.08,495.67,249.25,247.27,548.22,715.61,639.56,2761.39,507.67,548.22,441.9,582.62,435.66,111.57,180.82,191.41,577.48,681.99,306.63,3977.3,2070.33,1311.07,1437,13751.61,506.26,3841.3,2705.35,398.77,395.25,1579.82,955.46,755,1139.31,770.97,800.47,637.42,910.8,513.67,532.41,877.94,1050.43,881.57,3857.11,1386.12,467.5,336.41,577.31,727.34,1066.6,2879.3,577.31,836.33,1398.25,2051.11,1106.7,3069.95,1051.35,758.37,1012.22,2368.21,439.54,14075.81,1077.01,2900.35,979.3,760.5,603.06,550.54,3271.4,947.93,3442.19,1057.13,1029.92,4980.81,8646.19,4667.28,1596.17,10024.71,1009.24,1167.39,726.66,502.11,1096.02,891.09,871.83,342.11,562.35,1010.38,453.09,611.67,438.13,360.3,434.38,623.18,770.07,381.64,532.09,478.61,3054.49,5491.12,10310.61,705.03,1000.8,2525.64,816.47,740.83,507.39,915.6,515.4,519.07,1039.36,940.18,5261.35,1809.15,1361.2,1705.54,587.95,1176.53,728.91,1216.31,950.89,1452.15,12546.09,16178.36,2520.38,486.23,559.85,2834.02,1137.21,1647.02,470.91,324.89,385.46,477.46,570.97,2918.67,624.53,1198.16,710.48,6742.01,5513.63,1806.03,1264.89,3961.62,5585.15,928.34,526.61,512.89,419.31,515.63,5133.47,5951.34,13004.98,2922.29,650.84,1257.62,901.3,1966.96,721.94,1235.94,1996.94,2158.47,7255.63,2417.75,7546.08,5093.6,1340.72,4086.25,5706.77,1662.01,1268.46,924.93,2383.34,1341.44,1118.87,1453.69,372.66,718.85,3776.16,759.94,621.37,613.03,660.56,693.84,975.56,451.92,2266.37,1767.44,6168.06,1852.21,6514.85,2210.23,3296.67,1160.59,6864.48,7794.76,3983.63,3812.94,8121.99,7844.47,1695.84,6281.84,7701.2,2444.81,682.34,1749.31,1538.98,11206.62,2886.41,2011.18,835.65,766.69,859.15,606.03,3353.45,4182.46,1658.97,706.43,552.81,1442.11,1139.55,1252.3,810.83,599.71,4352.72,1074.86,387.17,390.29,503.71,335.62,657.9,1508.05,1567.29,300.23,526.4,409.57,389.06,221.44,1856.53,298.13,124.55,280.32,3903.22,270.45,10475.61,2654.52,17745.01,11036.67,16262.12,2418.99,842.67,3095.56,280.9,657.16,7518.74,8887.35,8022.03,10803.08,6389.65,1240.27,1390.9,1306.21,1070.35,2144.59,1091.44,667.91,621.22,942.86,791.84,1544.59,1586.84,685.2,315.4,987.18,702.72,422.62,697.42,4172.05,916.41,416.48,337.91,741.75,11228.15,80.13,444.26,123.62,702.52,433.86,620,3112.48,780.11,3106.7,897.58,788.95,571.4,844.73,674.82,480.45,176.28,529.7,540.03,521.2,687.44,6631.36,1295.48,1001.6,813.69,1442.66,484.11,466.24,1167.58,2381.51,937.18,3098.19,1765.01,10139.19,1452.54,891.32,3489.22,612.3,486.54,370.59,692.33,1212.53,1431.89,1476.74,1404.47,716.19,461.56,2978.11,901.76,1203.29,851.16,1228.85,537.8,654.29,506.61,593.67,2716.03,2938.57,3679.91,1855.31,903.85,4410.73,2494.21,648.2,665.67,683.78,467.66,476.39,550.75,458.51,1291.01,4177.79,2830.74,3003.21,1042.55,3494.11,5801.74,3044.05,1220.68,740.11,1302.41,654.09,671.57,4765.2,7774.31,3068.19,841.82,1188.37,1160.82,2383.41,1298.38,656.53,3800.16,1183.55,2481.8,531.52,9575.15,2605.39,619.8,1368.58,3618.07,1831.61,1621.35,1123.42,5280.44,7815.31,636.23,946.43,1125.81,3976.23,1658.47,655.71,217.54,909.83,425.09,515.49,479.5,1489.22,836.64,669.94,749.53,1542.72,1284.09,548.32,687.24,222.31,300.96,395.35,556.62,1547.4,768.72,641.43,614.68,3116.44,1607.31,176.32,381.71,586.43,2223.69,753.87,368.79,408.67,1231.51,851.29,909.93,2766.28,1507.12,726.48,553.78,5163.99,1057.01,636.9,1773.24,4440.63,1757,443.55,327.23,330.99,2599.52,1162.24,975.73,841.9,1702.31,505.44,351.11,635.52,565.7,373.88,1024.21,352.29,141.47,267.61,447.64,1814.8,1020.83,480.72,358.58,455.23,649.32,261.51,970.5,368,1274.43,3222.2,1434.88,488.5,1492.22,351.5,350.32,460.68,1408.75,10233.7,13735.05,9710.59,456.23,474.41,360.7,314.34,345.2,4778.05,529.98,680.95,430.5,1921.49,1808.59,598.19,1777.18,2365.33,456.69,13039.74,3205.78,5935.32,2095.79,3364.12,2183.65,2436.3,2256.45,566.58,510.01,387.29,2795.53,2264.57,1190.84,2087.93,2391.48,3730.28,1555.28,1059.94,1468.61,8632.66,2051.37,3679.52,2469.67,1443.73,660.67,455.91,401.36,349.83,294.7,752.77,699.7,472.25,539.63,985.23,631.29,445.01,325.55,375.16,2994.42,787.33,844.06,397.84,829.01,1063.28,592.61,945.42,195.12,188,204.53,2489.39,183,112.07
MCP.1.MCAF.,166.56,81.01,37.22,49.91,44.76,70.96,73.44,13.53,30.02,40.53,50.78,50.94,35.85,33.63,45.4,51.77,14.74,18.22,52.92,61.08,85.85,25.87,27.87,48.78,41.06,90.25,84.28,23.83,25.06,27.28,31.37,68.8,37.31,47.77,54.06,45.74,35.12,37.31,34.51,23.22,29.02,39.54,27.48,24.65,31.17,15.93,26.28,52.75,48.45,61.71,73.76,16.4,27.87,32.22,13.41,14.86,12.66,221.79,51.36,87.2,51.52,40.26,43.42,122.58,97.43,27.18,30.7,35.39,72.03,157.09,84.3,101.93,47.81,89.37,96.11,132.77,111.52,93.42,94.62,84.05,50.4,97.72,77.88,60.19,187.36,158.43,91.73,56.3,61.94,65.1,110.57,73.11,87.8,85.06,35.23,61.94,41.04,170.29,48.46,64.81,55.39,151.29,40.67,62.37,70.13,47.16,56.61,94.38,27.27,51.66,135.74,70.39,101.46,111.02,63.67,270.25,36.73,20.97,50.08,47.16,30.57,58.41,62.52,94.14,52.92,59,82.27,135.33,105.83,34.48,39.63,38.55,49.11,105.15,103.77,106.97,55.74,194.45,204.05,79.44,84.09,38.91,35.61,49.43,51.66,63.67,52.29,87.56,44.49,52.29,47.81,80.99,50.4,87.56,52.29,133.27,150.51,65.1,47.48,308.35,481.89,695,64.24,114.34,140.8,65.1,92.21,34.16,62.68,71.2,115.75,31.76,47.48,123.65,77.62,74.71,79.7,78.66,119.58,105.38,96.53,85.06,142.81,62.23,49.43,55.7,71.21,91.73,307.91,1261.21,193.76,70.37,46.23,63.99,55.7,200.87,84.05,67.35,133.07,181.26,2020.03,56.61,984.58,281.4,223.55,537.78,104.92,90.75,104,76.04,71.75,54.78,60.7,103.1,93.58,112.47,243.1,41.04,43.13,230.79,83.54,86.31,118.71,77.1,403.43,516.89,1688.98,431.32,838.21,360.31,81.25,72.3,501.54,109,247.25,295.1,1203.2,979.89,784.97,135.53,100.3,65.66,48.14,269.86,431.26,270.87,70.12,65.66,102.39,82.53,64.24,60.77,98.66,192.49,446.55,46.83,35.61,52.61,32.94,66.23,57.21,43.47,1488.24,127.89,27.69,41.74,53.85,30.36,37.81,38.39,63.26,35.43,31.67,20.81,59.22,42.33,52.38,33.89,42.33,70.55,194.71,31.02,113.52,84.09,60.13,184.27,473.53,56.91,22.44,55.03,23.99,32.31,1397.76,1676.38,1437.32,4145.25,50.16,68.87,42.33,61.36,60.03,51.31,63.99,54.13,52.02,67.42,82.1,77.94,124.23,210.05,75.52,36.1,43.98,82.3,59.14,116.44,33.32,26.2,35.55,41.42,135.1,0.52,52.49,20.97,71.62,52.49,41.16,49.16,47.46,96.55,35,94.33,54.82,75.92,65.71,81.71,39.59,52.02,71.62,43.98,60.7,111.94,63.55,87.15,92.46,48.92,28.04,44.98,60.48,28.65,111.25,138.33,158.54,397.08,68.48,99.67,157.93,48.67,21.31,44.73,59.36,167.33,93.02,81.12,44.23,54.36,45.73,250.13,87.73,199.85,119.68,127.06,44.23,40.38,42.19,48.67,249.74,450.62,161.14,81.51,54.82,226.74,80.53,58.02,53.43,54.82,54.13,42.71,57.56,44.98,115.06,744.97,725.01,362.38,42.88,383.57,1009.04,41.16,158.85,48.92,87.53,115.23,103.82,211.85,239.46,94.89,69.32,123.22,131.02,191.19,101.48,102.2,258.59,103.64,102.2,178.74,1541.25,447.16,118.32,165.67,75.52,60.92,92.65,64.64,218.72,559.65,72.24,260.66,68.06,54.82,38.53,46.47,25.88,61.93,35.43,58.76,53.11,76.73,72.86,77.33,71.2,97.1,55.28,32.46,36.1,45.23,46.72,41.68,62.46,66.36,117.02,63.27,61.4,98.74,84.42,33.26,37.31,31.37,59.19,37.67,33.63,34,40,30.6,51.77,89.82,41.94,52.75,41.24,167.5,38.03,39.11,47.77,160.22,103.93,43.68,34.38,31.17,52.38,152.4,81.01,193.37,34.38,25.47,32.88,41.94,144.17,67.89,26.88,17.32,21.08,47.1,44.37,38.03,41.06,36.58,23.83,28.66,28.27,21.3,76.57,35.48,44.02,81.83,37.67,43.16,24.24,28.27,30.21,35.67,18.67,360.32,196.3,100.55,21.63,30.69,66.74,23.41,31.75,64.51,44.37,40.53,38.93,32.13,28.27,30.41,202.8,437.26,839.83,504.94,21.3,25.87,90.11,274.08,603.36,177.09,138.9,41.59,52.26,39.47,369.98,357.38,65.13,42.98,57.6,285.36,64.36,45.55,65.44,82.98,92.49,26.28,98.05,24.24,19.56,32.5,23.83,35.12,30.21,55.03,46.08,46.08,38.03,27.28,41.41,32.69,45.57,42.29,55.03,32.32,29.83,21.3,17.77,40.35,41.59,45.05,41.59,25.06,22.57,28.85,22.36,27.87
MIP.1a,8.32,6.43,5.22,2.71,4.12,3.42,5.99,1.32,2.22,4,2.9,4.55,2.94,2.42,4.26,2.98,3.37,2.8,3.07,3.07,6.04,2.52,3.45,3.24,3.49,4.37,3.73,2.42,2,2.27,2.71,7.21,2.62,3.41,2.11,2.42,4.62,4.82,4.37,2.71,3.09,4.37,2.71,3.07,3.73,2.42,2.52,3.16,2,3.07,2.22,1.39,1.65,1.27,2.82,3.26,2.28,3.26,3.08,3,4.34,2.01,3.17,4.05,3.94,3,3.46,6.34,4.98,4.74,6.78,9.14,6.59,3.09,5.32,4.6,5.12,4.65,5.58,6.46,4.98,6.4,7.26,5.93,2.9,3.66,3.76,7.26,4.82,4.9,4.65,5.86,5.58,4.98,3.13,6.52,4.49,9.39,2.65,4.74,7.38,5.43,1.13,1.96,1.13,3.35,6.9,6.52,3.56,5.86,10.15,6.13,13.82,9.96,12.04,5.5,3.95,4.82,6.33,7.14,2.39,3.13,4.98,4.13,2.78,3.85,3.95,4.31,3.56,1.76,3.13,2.09,2.65,4.13,4.13,2.39,1.61,5.94,11.57,4.12,6.11,3.85,3.76,1.76,2.65,10.1,4.82,2.9,0.42,4.74,9.77,8.69,6.9,7.61,4.98,11.65,8.51,4.69,4.69,9.22,19.5,22.2,18.1,7.92,9.75,4.18,4.36,2.71,3.61,3.2,2.71,4.18,3.3,6.81,5.75,6.17,6.43,5.89,7.75,10.17,7.64,4.53,7.75,6.81,5.75,5.01,5.01,4.69,46.68,12.7,6.69,4.98,3.9,6.17,4.86,6.03,4.53,4.69,7.64,5.61,25.43,4.78,21.26,6.93,4.36,8.61,8.82,4.86,5.75,5.32,8.56,6.99,2.29,4.37,1.6,3.81,7.41,4.36,5.61,5.89,7.69,4.18,8.56,6.68,5.39,10.35,11.65,7.86,13.65,9.7,5.09,5.32,6.93,9.22,5.61,5.06,17.5,7.87,23.53,7.75,6.17,7.16,4.54,8.58,6.09,6.81,3.81,7.52,7.23,3.81,7.46,2.96,6.03,5.54,13.91,4.53,3.81,2.59,1.67,3.4,3.9,4.69,15.46,7.43,1.85,3.4,4.78,5.02,3.99,5.9,5.77,3.93,4.82,3.09,3.09,2.71,4.37,5.17,3.99,3.5,4.49,2.71,5.51,4.25,5.94,5.77,10.1,0.28,1.4,3.42,4.25,4.25,8.96,12.19,33.21,94.53,3.09,3.79,5.6,2.03,2.53,2.99,3.1,2.99,3.41,2.99,4.09,2.77,4.55,3.2,2.29,4.63,3.2,4.32,6.9,4.55,2.41,2.41,3.31,4.19,6.09,0.11,4.46,0.7,4.72,3.2,6.24,4.09,3.51,4.23,2.99,5.31,4.98,2.47,3.71,4,2.03,2.65,2.65,3.1,4.89,4.28,4,4.55,4.55,3.81,2.65,3.56,4.46,1.96,2.77,3.2,3.56,4.89,5.18,6.28,10.02,2.29,1.96,2.22,3.56,5.47,5.67,5.9,1.96,1.82,1.96,6.79,3.41,5.55,3.76,3.86,2.47,1.11,2.82,2.1,2.82,5.71,4.32,1.68,2.22,4.09,3.56,2.22,2.47,3.1,3.56,2.71,2.65,1.96,3.1,5.94,7.23,9.65,5.27,26.97,6.13,3.46,4.72,1.53,2.59,4.23,4.93,4.68,16.24,2.88,4.32,5.02,7.36,2.1,3.04,2.22,5.23,3.86,3.04,2.71,8.61,6.28,5.75,4.93,2.93,4.23,4.59,3.41,5.9,13.87,4.85,14.22,5.9,3.86,3.26,3.04,1.2,6.51,3.86,5.02,5.6,4.59,3.9,3.56,5.82,5.59,3.46,0.81,1.96,1.2,1.53,1.37,4.37,2.71,4.93,4.93,4.96,3.29,2.94,2.06,2.16,4.08,3.93,2.47,2.76,2.85,2.06,4.37,5.64,2.94,3.85,3.61,4.04,4,2.52,4.99,4.58,3.2,2.76,3.03,2.57,2.37,1.8,3.58,3.09,3.42,2.47,1.94,2.47,3.45,4.15,4.23,1.71,2.47,2.37,1.83,2.11,4.58,2.47,3.03,2.16,2.06,2.37,1.83,2.66,3.33,1.83,2.47,3.73,3.2,1.83,2.76,2.9,2.52,2.47,4.37,3.45,5.32,2.37,2.49,3.5,1.94,2.27,2.37,3.45,2.57,2.27,2.66,4.33,5.13,2.66,14.02,12.97,4.48,3.12,2.57,3.73,7.72,5.54,5.35,4,2.71,2.37,2.42,3.24,4.96,4.33,4.19,4.89,5.41,4.82,6.39,6.11,4.44,5.54,2.37,6.63,5.03,3.16,3.65,1.89,2.11,1.89,5.79,4.89,4.65,3.33,2.85,5.03,2.98,2.42,2.62,2.42,2.42,2.47,1.71,2.9,2.98,4.26,3.89,2.11,2,2.62,2.62,2.71,2.42
MIP.1b,223.26,226.83,262.01,191.84,202.9,303.2,355.14,206.01,231.37,216.82,244.1,270.57,242.99,238.71,230.34,251.72,232.55,243.46,209.92,207.89,303.87,246.95,224.83,225.77,228.14,239.74,232.87,216.35,209.69,210.23,231.92,273.78,260.8,242.83,199.45,207.34,267.68,227.35,355.4,259.26,279.45,277.07,257.21,272.81,285.7,201.87,273.78,308.61,259.69,201.32,246.48,250.85,271.85,290.43,238.52,287.84,289.54,258.29,254.94,275.34,274.3,216.31,277.76,260.29,269.24,235.67,245.72,213.48,247.56,285.03,269,285.6,309.86,331.5,327.64,309.6,305.95,305.9,280.34,338.22,228.01,270.5,265.35,284.38,321.28,332.16,273.22,293.67,301.76,295.93,308.17,347.91,334.05,264.78,282.69,344.49,325.72,279.4,249.81,284.1,316.09,302.33,225.12,276.83,287.44,241.2,270.97,265.72,303.83,352.66,482.58,344.96,428.14,283.91,390.76,303.17,331.11,330.36,340.78,316.65,240.27,268.72,246.16,316.94,297.62,333.39,269.84,250.37,253.55,242.7,345.63,247.84,377.12,344.68,319.86,263.47,243.96,188.86,309.68,325.99,326.65,217.62,223.8,262.72,325.91,327.99,350.86,287.66,254.67,247,251.87,260.1,288.32,292.17,334.62,345.15,341.16,306,306.85,529.36,432.53,346.1,415.88,364.01,387.1,283.16,250.46,295.39,303.88,353.02,349.41,340.78,338.51,327.9,295.65,287.29,261.98,343.82,302.04,362.39,340.02,282.78,305.06,254.96,290.2,312.88,322.22,369.17,502.24,196.71,391.56,423.46,341.91,448.73,268.25,285.97,302.14,302.42,286.16,247.84,325.63,239.89,356,335.09,294.71,314.86,304.77,245.79,330.93,273.12,254.02,315.61,324.39,380.46,335.85,523.52,298.28,240.92,258.14,285.32,265.25,242.98,229.69,288.32,248.22,285.32,254.02,282.69,350.47,315.9,247.47,375.58,296.59,211.44,269.94,279.74,408.06,417.68,523.91,252.33,248.78,257.13,201.98,156.97,309.74,311.84,301.86,353.71,291.51,265.16,294.52,299.03,236.99,202.9,309.48,271.44,228.38,206.56,238.49,279.97,269.19,281,563.08,323.54,308.26,290.57,300.73,229.47,291.12,291.12,239.27,256.74,283.76,280.73,221.41,221.41,241.77,279.06,251.39,207.13,218.16,258.86,308.3,284.24,244.43,266.12,248.34,241.53,236.31,257.68,273.25,256.11,335.18,269.48,365.2,596.56,240.68,280.41,269.76,363.3,299.64,317.11,372.64,304.64,317.96,319.75,458.35,329.03,380.84,446.1,331.11,297.18,337.84,377.02,588.02,380.84,276.82,265.9,281.82,411.04,456.02,44.17,338.12,148.27,390.22,295.49,452.13,447.07,358.35,283.7,278.14,434.67,373.97,314.74,357.21,344.38,299.45,287.38,348.27,348.84,382.18,400.76,329.5,418.64,397.11,309.17,264.58,230.77,458.94,298.69,297.75,419.22,168.75,300.67,214.26,247.06,481.89,357.78,124.75,151.24,294.45,429.64,494.86,355.78,251.11,223.23,220.21,312.85,137.18,309.74,323.54,224.36,244.52,183.22,189.2,209.07,176.28,160.06,354.35,188.82,162.36,204.72,229.64,173.99,233.59,375.4,282.57,154.89,174.76,147.4,214.26,230.4,216.07,295.62,237.71,400.69,322.97,195.07,611.76,147.5,237.74,361.39,416.14,293.22,421.82,331.39,290.96,355.4,381.7,225.87,155.27,191.38,296.52,280.87,223.41,173.33,234.16,178.47,177.9,350.27,289.36,293.88,344.38,304.54,169.61,366.82,172.47,383.62,326.28,275.5,220.49,247.72,112.22,255.56,222.03,286.96,293.29,185.12,150.19,246.22,313.7,182.74,191.09,179.13,261.09,123.19,151.53,157.29,312.76,176.75,269.56,262.36,263,234.64,226.68,239.7,286.22,250.88,208.63,224.95,228.88,244.37,268.44,295.45,343.19,233.62,254.39,255.02,277.6,234.41,202.92,243.27,229.04,215.84,204.1,176.7,199.57,183.22,174.24,166.91,209.75,205.51,215.21,215.37,269.4,383.4,221.49,217.25,215.44,236.3,223.37,236.46,253.91,228.25,219.37,253.19,227.47,223.06,240.73,228.73,275.83,247.63,197.54,189.6,165.39,198.01,203.24,193.8,221.8,235.2,190.38,174.84,188.35,281.37,216.15,280.09,278.66,176.55,216.15,201.91,176.24,208.4,219.92,208.71,241.68,224,214.27,284.45,154.06,298.99,219.64,225.7,216.5,287.31,285.05,207.18,239.9,195.48,241.56,221.53,98.14,109.74,121.83,117.26,154.52,197.83,161.94,287.76,312.12,217.29,223.26,219.33,373.77,281.82,272.33,371.23,228.77,204.92,224.04,279.73,276.83,259.37,245.52,261.92,300.29,259.85,252.52,269.36,219.01,206.17,203.35,200.86,216.19,245.84,285.94,282.95,224.83,218.54,240.14,196.49,214.15,226.25
RANTES,3741.52,4877.04,1700.9,5233,5664.31,5673.91,5673.91,5438.71,4562.96,4187.34,4477.08,3804.02,5322.02,6114.03,4807.95,5481.02,3746.02,4707.93,4119.28,4086.3,9233.38,4347.55,5196.83,6688.65,4189.84,4695.35,6745.67,5689.39,4203.86,4819.66,3580.13,11195.35,5489.77,8566.71,5463.56,5846.49,6785.5,9134.14,5673.91,5301.54,5499.96,5173.42,4865.64,5529.93,5284.43,3590.88,4745.3,8911.32,5008.1,4249.16,6348.06,4228.98,6205.34,5089.42,3458.84,6954.35,4770.72,4329.58,6428.26,7040.81,5585.59,7702.96,6588.75,4508.73,7140.56,2539.66,3243.04,3200.32,4621.63,3025.08,3464.27,4509.51,5711.01,5673.91,14279.44,17242.39,15844.15,3717.97,5080.91,4756.56,4344.08,5794.44,3585.43,4413.61,5679.64,5765.08,5597.18,3998.07,5532.84,4758.61,5789.53,5455.84,4234.65,3452.19,3696.84,5823.94,4068.22,3674.95,3844.86,7152.14,4755.02,4385.69,3902.06,10176.67,12355.47,5278.29,3855.28,4173.82,6797.99,5141.01,7007.47,6585.91,9267.34,11572.79,8160.11,8460.15,5603.12,4620.63,4468.41,5910.81,4801.4,6422.47,4880.62,8093.92,11116.92,4227.18,4273.54,6402.16,5233.47,5588.28,7704.19,7027.53,6641.79,6870.96,9087.07,9036.74,5682.13,6487.09,5673.91,5673.91,5673.91,4971.61,4097.27,6572.02,5961.01,4276.84,4468.9,7106.83,5968.58,7089.55,12319.23,8128.68,4167.83,21310.24,5969.84,8012.03,5374.68,3957.58,4150.79,14750.68,10138.99,7103.82,5281.66,3925.31,4139.77,4137.93,4766.32,4044.1,4674.7,4515.45,5280.75,7911.59,7824.22,5427.51,3706.55,4049.7,3114.19,5617.99,5320.05,5101.6,6434.01,4113.22,5170.2,2706.58,3050.64,3655.67,2879.04,4546.96,3852.24,3040.25,5497.38,5497.38,6034.68,5497.38,3047.3,4377.05,6346.3,3880.12,5367.82,4775.07,8234.86,4834.62,4127.39,4140.68,7347.37,7686.97,5927.71,4541.53,4791.58,4407.34,3041,4344.55,5506.17,5497.38,11788.98,5497.38,4801.4,3471.13,3334.91,5844.31,3158.4,3346.71,4140.23,3176.27,4382.81,6429.25,6044.11,5625.14,6518.11,3904.64,3118.33,5686.87,5322.88,3170.18,5183.46,5116.05,5497.38,20157.72,14241.31,9813.6,3883.62,5444.68,4941.44,1099.9,7408.14,6425.86,3468.71,5638.87,3275.51,5159.72,4918.53,7549.13,5017.66,5291.8,3709.08,3229.88,2505.2,4031.68,3717.97,4922.23,3989.59,2222.59,5497.38,6299.26,3217.58,2500.54,4892.18,3875.51,5730.99,7108.65,4889.26,5486.6,5326.28,4425.1,3916.16,3935.54,3532.28,5030.15,4955.01,5120.68,4128.59,5603.68,11255.89,7861.42,10755.39,13083.21,8824.38,6178.71,5843.73,9091.2,4681.65,7656.61,6341.94,3195.48,4761.16,624.79,7232.49,7542.94,5432.75,7018.82,4472.58,6402.43,5497.38,4498.47,4961.02,5372.25,5853.86,5458.69,5497.38,5497.38,5879.39,4627.6,6492.83,11331.84,5497.38,5497.38,3628.28,3255.26,3765.42,19298.96,5497.38,188.03,4473.57,752.11,5497.38,5497.38,5497.38,5497.38,5497.38,6672.39,5630.38,16652.05,8051.83,5702.19,4677.78,4751.26,4675.73,4991.28,5423.16,7276.76,21969.03,5497.38,6545.72,19529.68,5497.38,4767.42,3336,4440.87,19625.23,6097.58,7349.88,5497.38,6096.61,5497.38,4374.79,3792.94,9844.35,5497.38,2399.28,4849.14,12056.22,5497.38,5497.38,5497.38,4658.02,4699.16,5606.72,5497.38,4173.13,10594.03,10778.64,11193.29,7635.93,6538.48,7082.24,11646.06,9422.27,1395.14,9154.1,5391.01,4489.24,11394.6,19063.27,5846.72,21326.56,5497.38,8923.09,4520.71,4934.4,4696.07,14245.56,5394.45,4212.09,11408.57,4792.15,10052.61,5497.38,4267.8,5497.38,5382.34,17261.56,5497.38,5497.38,7211.58,5497.38,5151.25,4537.76,5497.38,5497.38,5497.38,6433.22,8141.31,6733.42,4965.61,13826.23,9651.44,14466.81,5440.31,5514.71,5497.38,5445.56,5097.56,5497.38,5497.38,5476.53,21459.77,3482.93,19336.7,6733.42,5377.73,5626.48,5740.23,2797.53,4871.55,5910.66,14757.27,13111.21,5467.75,3392.62,5788.03,9448.67,3834.59,3712.29,4629.89,11928.73,4127.53,3833.26,6547.44,17998.01,3740.21,6384.78,5574.8,5291.08,4716.15,6289.45,5491.02,6149.42,3989.95,3648.15,3388.82,3909.02,6624.63,4109.42,6096.06,14244.64,4686.61,5364.13,4413.24,5275.37,4182.85,4300.95,4810.74,5265.72,6650.16,6923.68,4976.46,4090.72,4355.79,2783.28,2639.72,4269.5,3518.6,3167.46,3042.88,4107.45,14231.13,3868.29,3599.41,2708.49,3583.71,4086.3,4724.94,4778.48,3604.81,4492.88,4817.43,4738.69,4292.28,5378.24,4330.61,19282.59,4357.33,4112.37,3272.14,2488.33,3475.06,4533.66,4033.05,3723.92,3787.72,3142.23,8178.03,14139,5673.91,5496.62,5673.91,7813.8,3104.4,4902.92,3352.65,4461.84,9586.7,8372.66,6596.21,6095.37,4372.29,3433.08,6004.27,846.47,5424.53,3245.14,5516.1,4603.16,8242.32,12886.53,3208.67,3895.72,4205.87,5378.24,4064.25,1778.05,1648.63,1683.78,2140.14,3375.87,14949.07,4872.16,9764.72,5673.91,4853.27,6539,3204.49,8460.22,7821.89,5463.56,13093.27,3436.13,4279.56,4840.93,4896.12,4371.77,4864.52,3150.49,4473.92,5971.72,3591.33,4460.26,5903.1,3971.17,2716.87,3603.91,2245.09,3108.5,3566.27,4817.43,6386.95,5498.53,5102.3,4758.55,2921.53,3343.64,4437.23
FGF.basic,93.62,91.07,129.84,85.78,88.46,80.22,77.31,48.9,63.97,63.97,50.28,50.28,54.28,56.82,66.23,51.64,66.23,61.66,82.52,65.11,68.42,70.56,68.42,52.97,74.71,68.42,47.48,56.82,52.97,61.66,68.42,103.25,56.82,56.82,75.72,72.66,65.11,59.28,71.23,78.78,74.32,80.22,61.66,59.28,61.66,62.83,59.28,59.28,61.66,61.66,59.28,59.28,56.82,57.75,79.42,69.23,69.23,67.06,60.18,49.94,49.94,45.66,62.54,70.3,57.75,75.47,81.34,55.24,79.7,98.23,104.39,102.87,88.45,74.32,85.78,77.31,80.22,88.45,91.79,95.05,98.23,113.18,81.5,98.23,91.79,108.84,91.79,91.79,98.23,93.43,85.03,95.05,74.11,104.39,90.13,85.03,77.87,70.22,61.95,85.03,107.37,72.18,80.22,88.46,84.42,107.37,99.79,126.88,77.87,77.87,81.5,95.05,101.34,104.39,88.45,98.23,88.45,85.03,88.45,91.79,107.37,107.37,126.88,74.11,70.22,110.3,104.39,104.39,129.49,111.75,74.11,96.65,85.03,95.05,76,88.45,74.32,93.62,80.22,17.21,71.23,98.23,70.22,64.08,77.87,178.04,85.03,104.39,110.3,118.79,96.65,126.88,104.39,134.62,95.05,133.62,107.47,125.36,104.26,125.36,119.62,107.47,107.47,130.91,130.91,104.26,110.6,76.27,73.89,76.27,83.16,97.62,86.95,97.62,100.98,104.26,100.98,119.62,125.36,145.33,100.98,109.04,133.62,149.08,125.36,116.67,105.87,104.26,125.36,107.47,66.42,61.14,73.89,78.61,97.62,97.62,112.14,115.18,104.26,94.16,107.47,119.62,83.17,137.61,97.62,85.08,116.67,113.67,86.95,112.14,125.36,95.9,67.7,66.42,68.97,77.44,104.26,133.62,125.36,90.61,94.16,125.36,128.16,133.62,85.08,90.61,107.47,94.16,113.67,113.67,97.62,107.47,70.94,92.4,86.95,84.27,80.9,62.49,55.55,100.98,128.16,77.31,88.46,17.21,73.89,128.16,130.91,119.62,104.26,107.47,104.26,97.62,123.95,109.04,94.16,94.16,113.67,100.98,79.25,86.95,99.31,97.62,85.37,77.44,79.25,94.16,104.26,74.32,77.31,71.23,17.21,74.32,91.07,77.31,17.21,74.32,17.21,80.22,74.32,17.21,69.64,71.23,98.57,74.32,91.07,77.31,77.31,71.23,74.32,17.21,83.04,74.32,78.61,49.58,75.08,46.41,81.64,80.22,96.12,71.45,58.39,66.42,62.49,72.68,66.42,61.14,63.82,78.61,73.89,61.14,66.42,76.27,61.14,73.89,97.99,62.49,71.45,73.89,73.89,71.45,80.9,17.51,78.61,59.77,68.97,66.42,83.16,71.45,63.82,97.99,68.97,68.97,80.9,76.27,76.27,95.96,63.82,63.82,76.27,68.97,71.45,56.98,66.42,66.42,66.42,71.45,71.45,71.45,68.97,73.89,63.82,61.14,95.96,97.99,105.85,106.81,94.93,70.22,86.47,88.63,117.91,79.76,73.89,88.63,98.99,92.86,106.81,86.47,100.98,82.03,73.89,106.81,91.81,90.76,92.86,90.76,84.27,51.11,75.08,72.68,77.44,82.03,102.95,99.99,110.59,77.44,84.27,98.99,100.98,86.47,86.47,85.78,77.31,80.22,85.78,92.35,102.95,92.86,75.08,70.22,72.68,54.1,56.98,75.08,75.08,77.44,84.27,108.71,108.71,91.81,90.76,86.47,72.68,62.49,92.86,83.16,92.86,95.96,86.47,102.95,86.47,80.9,111.52,91.81,88.63,102.95,106.81,95.96,79.76,82.03,96.97,97.99,77.44,91.07,17.21,78.78,87.13,96.97,102.95,65.13,77.44,97.99,110.59,88.63,94.93,84.27,98.99,94.93,67.7,102.95,84.86,88.49,74.2,71.09,52.31,62.25,66.78,82.99,66.78,71.09,82.99,65.67,62.25,71.09,64.54,52.31,70.03,62.25,62.25,85.77,77.22,105.24,84.86,77.22,59.88,64.54,62.25,64.54,92.35,17.21,74.32,71.23,79.18,70.03,75.22,71.09,86.69,71.09,70.03,77.22,71.09,57.44,62.25,75.22,64.54,68.96,68.96,57.44,62.25,57.44,56.19,64.54,73.18,66.78,88.49,71.09,53.63,66.78,62.25,63.4,66.78,75.22,88.49,83.04,77.31,74.32,89.77,76.22,63.4,85.77,66.78,59.88,43.78,59.88,54.92,66.78,62.25,71.09,18.72,69.5,63.97,54.28,72.66,70.56,70.56,59.28,58.06,51.64,55.56,66.23,36.4,56.82,47.48,41.43,46.02,84.42,17.21,17.21,17.21,76.72,76.72,74.71,109.51,78.69,66.23,88.04,58.06,50.28,54.28,69.5,70.56,76.72,62.83,62.83,69.5,73.69,59.28,66.23,66.23,60.48,56.82,36.4,59.28,71.62,61.66,69.5,59.28,51.64,56.82,74.71,75.72,66.23
PDGF.bb,2336.98,1920.16,1251.74,1358.95,1859.91,6569.19,7266.63,479.22,1718.62,964.55,397.81,373.65,600.31,358.35,4078.24,1997.19,2684.68,2031.54,2684.68,1295.86,5384.88,731.28,1450.46,677.09,538.93,971.85,580.11,941.85,671.43,957.26,984.02,1832.09,2213.31,1971.02,1404.88,878.63,1099.24,666.58,5320.27,964.02,831.88,1270.47,1324.33,1137.4,912.67,1050.54,1395.11,501.81,1967.75,1755.35,1949.76,1448.02,2412.61,1671.71,1362.97,3366.57,1866.81,490.92,761.62,238.17,1078.54,662.13,1144.3,1071.23,1050.13,424.8,942.26,321.74,1178.37,1247.46,846.92,1292.57,1387.71,3612.63,7284.22,4168.73,5885.19,1518.57,1877.38,1772.18,604.98,1545.7,575,790.94,1674.15,1971.18,1905.69,1377.08,2072.99,1529.12,1377.08,2090.81,699.55,1575.05,724.76,789.33,171.9,855.67,464.86,887.43,2180.6,352.72,1283.49,5914.64,4007.95,2185.05,1249.76,2184.31,2140.54,73.95,69.38,2036.59,3636.24,1620.14,2414.81,1775.91,1316.98,1471.01,1043.69,1158.35,2420.74,1119.74,1398.33,701.99,454.52,3082.07,2462.23,3037.39,2678.63,2795.84,1799.81,2907.23,894.56,1074.02,976.49,989.03,817.44,1440.52,3417.55,2455.09,2881.14,1740.03,1197.6,1523.85,873.95,520.32,1593.1,1181.45,1405.16,824.58,4726.56,1323.84,1863.96,5214.5,752.28,7327.19,3323.55,3007.24,2821.45,20448.96,3337.02,2225.46,2273.65,10039.69,9517.82,2148.33,3416.42,1925.32,2050.77,1138.68,3120.27,1740.41,1688.02,704.03,1263.15,1241.72,2369.24,5721.52,6157.4,1400.23,700.77,2392.95,5297.67,2764.3,779.29,1208.74,1028.5,948.61,2081.53,1224.09,2209.09,4433.7,1782.1,9139.8,636.84,1069.75,1785.99,1012.89,3118.21,1012.89,3368.47,2284.77,910.77,3961.27,2774.69,1912.76,3205.48,1580.69,986.29,864.82,1636.28,2689.38,1722.03,4488.53,3890.37,9978.84,1517.44,820.98,2944.77,836.16,1132.5,1637.03,1587.46,1981.96,1298.29,686.08,2072.62,2646.38,2185.42,1209.51,617.01,3230.86,2566.33,1196.45,540.18,1822.11,4603.13,2831.1,831.86,2241.77,2031.02,1536.2,1972.41,355.49,2144.48,6625.7,1432.06,3873.2,2470.01,2026.56,3316.07,886.25,741.37,302.54,2680.48,1389.61,1187.22,858.46,1429.03,877.52,640.14,466.15,5935.91,1395.3,973.75,1236.35,2072.62,644.34,1641.85,1163.44,251.66,604.01,602.24,466.37,1046.38,661.79,450.89,847.13,1790.83,880.94,751.67,1016.51,3112.45,1172.46,1081.13,1142.09,1029.8,994.88,1690.53,699.98,1388.07,1560.25,849.01,179.16,381.64,50.9,1488.01,2253.47,1934.42,1634.3,190.08,450.39,3761.06,2008.43,2732.37,4505.72,9034.11,3046.39,15859.74,9858.68,3065.27,1128.51,1571.53,1103.06,10143.78,7254.23,1181.87,953.33,992.54,5461.69,11908.58,312.4,2134.54,1118.33,10206.04,5193.99,5529.1,8392.95,6148.93,2167.68,1189.48,4220.94,5271.96,1539.7,2005.11,1456.65,1460.84,1314.46,3112.06,651.78,6859.11,6738.4,2368.73,2844.26,7328.83,2300.12,1380.15,1705.33,6775.84,1632.63,2539.59,6198.53,1458.74,9392.47,3010.67,4331,10136.23,7340.15,729.1,739.45,4825.47,7956.23,4881.18,4921.34,926.43,2568.04,1529.22,8199.88,1425.98,7781.98,3867.87,9737.56,1976.45,2913.72,1446.99,4688.69,1061.03,423.56,1965.64,940.95,775.6,2419.53,12104.39,3079.64,5462.93,6639.88,4186.99,1039.78,1451.19,668.65,6619.94,2379.51,1828.96,2688.9,2344.07,1601.89,5076.27,2379.05,13548.8,2063.63,13035.88,6575.1,10638.93,973.37,8526.76,1259.21,2432.74,6488.79,10995.6,8348.99,2250.9,1328.37,3100.16,1270.18,1625.52,1884.14,1971.46,809.97,578.44,3173.19,1799.19,1410.85,6089.03,3176.47,2089.35,8179.46,1451.19,10117.57,3356.06,3050.08,3511.74,3947.24,3225.69,772.24,689.59,1165.9,4138.78,1752.49,524.4,375.89,3407.69,590.62,3324.09,1373.84,4597.81,987.86,1900.78,1586.19,7289,957.16,5064.09,5165.28,2535.41,1721.48,1078.54,1070.42,1548.61,2082.69,680.73,982.8,2635.72,2048.32,1145.93,3102.46,4781.82,664.55,3150.42,1258.06,595.86,1728,1937.91,3821.39,3452.02,1907.67,1323.92,1084.22,478.01,903.35,1588.28,2132.81,1206.02,1264.77,469.95,1325.55,2049.95,8374.51,1400.4,683.96,592.63,1901.13,2534.58,1794.94,960.9,806.14,1723.11,540.95,1734.53,934.15,1433.77,675.87,2524.72,872.56,1306.03,786.71,817.48,1565.72,557.1,709.84,1259.68,785.9,407.07,3047.92,1231.23,4086.23,1257.44,3448.55,1545.82,1666.82,953.61,526.42,514.32,790.76,432.86,1076.1,1796.57,1218.23,399.02,1889.69,36.36,4076.57,377.68,1190.2,1074.89,2241.99,3432.51,602.73,643.94,735.32,619.7,703.77,298.02,380.9,277.93,228.14,361.57,932.22,438.08,736.21,2869.32,1809.23,474.38,1237.33,8673.95,4356.6,2748.9,9172.88,1387.78,2173.98,2292,1392.67,1029.44,1133.34,859.19,2397.83,3547.11,4367.52,3693.49,4392.74,839.75,656.87,621.31,181.62,342.26,801.69,1206.45,2370.75,1533.54,501.81,807.36,1099.24,2453.66,1930.14
VEGF,21.07,21.07,172.51,21.07,21.07,298.18,371.53,3.52,3.52,3.52,3.52,3.52,3.52,3.52,3.52,3.52,3.52,3.52,93.74,30.49,175.66,27.22,27.22,42.41,3.52,3.52,81.13,3.52,3.52,3.52,3.52,372.01,27.22,36.64,3.52,3.52,65.36,3.52,389.18,21.07,21.07,21.07,3.52,70.01,58.12,3.52,67.7,279.02,16.18,67.7,23.78,3.52,3.52,3.52,3.52,3.52,3.52,3.52,3.52,3.52,3.52,3.52,25.52,3.52,3.52,3.52,77.86,3.52,16.87,16.87,16.87,16.87,16.87,287.27,221.78,200.69,178.89,16.87,16.87,16.87,16.87,16.87,16.87,16.87,16.87,16.87,16.87,16.87,16.87,16.87,16.87,16.87,16.87,16.87,16.87,16.87,16.87,16.87,16.87,16.87,16.87,16.87,21.07,694.32,84.28,16.87,16.87,16.87,16.87,16.87,262.57,16.87,289.05,262.57,83.22,16.87,16.87,16.87,16.87,205.52,16.87,16.87,16.87,16.87,16.87,418.8,16.87,16.87,141.43,16.87,16.87,16.87,16.87,16.87,16.87,16.87,21.07,21.07,172.51,265.06,274.85,16.87,16.87,16.87,16.87,16.87,16.87,16.87,16.87,16.87,16.87,201.23,16.87,472.84,16.87,16.87,16.87,16.87,16.87,708.99,292.21,366.61,100.67,387.15,614.57,16.87,16.87,13.38,13.38,159.2,305.7,16.87,16.87,16.87,16.87,16.87,16.87,152.82,16.87,135.41,16.87,16.87,221.95,16.87,16.87,16.87,16.87,16.87,16.87,292.21,216.37,249.83,13.38,71.03,16.87,16.87,16.87,16.87,16.87,16.87,73.09,16.87,16.87,168.63,73.09,322.48,392.15,16.87,16.87,16.87,16.87,16.87,13.38,177.78,13.38,347.27,16.87,16.87,16.87,16.87,16.87,16.87,16.87,16.87,16.87,16.87,16.87,16.87,16.87,16.87,16.87,16.87,16.87,16.87,16.87,13.38,88.15,244.09,262.96,16.87,16.87,21.07,21.07,21.07,13.38,16.87,16.87,16.87,196.87,201.23,16.87,122.59,16.87,16.87,16.87,16.87,16.87,16.87,16.87,16.87,16.87,16.87,358.46,13.38,16.87,16.87,16.87,21.07,21.07,21.07,21.07,21.07,99.87,21.07,21.07,21.07,21.07,21.07,21.07,21.07,21.07,21.07,97.96,21.07,21.07,21.07,21.07,21.07,21.07,21.07,21.07,21.07,13.38,13.38,84.88,266.65,21.07,21.07,21.07,13.38,13.38,13.38,279.37,13.38,13.38,74.61,615.26,13.38,170.93,134.26,13.38,13.38,13.38,407.64,1369.59,353.69,13.38,13.38,13.38,410.62,412.1,13.38,81.53,266.65,298.79,74.61,594.25,616.48,511.78,13.38,13.38,240.23,13.38,13.38,13.38,159.2,13.38,13.38,13.38,13.38,319.29,381.9,109.57,290.05,305.7,13.38,13.38,13.38,439.82,13.38,13.38,339.16,13.38,394.87,111.01,135.57,802.18,494.95,13.38,72.83,194.33,659.28,1211.75,428.98,79.83,13.38,122.24,371.83,13.38,65.46,189.99,612.19,185.59,113.87,102.19,225.47,86.52,13.38,61.61,290.93,89.77,333.43,400.91,124.96,391.84,299.66,122.24,13.38,105.17,111.01,328.47,88.26,21.07,105.52,21.07,177.3,335.07,13.38,1104.51,13.38,194.33,13.38,13.38,13.38,320.13,13.38,13.38,647.36,860,301.39,192.16,280.27,13.38,13.38,181.15,122.24,176.64,13.38,13.38,263.88,13.38,13.38,196.48,225.47,13.38,352.89,92.95,550.51,72.83,13.38,89.77,303.12,61.61,21.07,21.07,86.27,185.19,57.63,13.38,13.38,57.63,13.38,86.52,13.38,269.4,13.38,13.38,13.38,158,13.38,172.44,165.95,76.76,3.52,3.52,3.52,3.52,3.52,3.52,3.52,47.87,3.52,3.52,407.81,433.38,3.52,85.42,47.87,30.49,3.52,3.52,175.66,120.89,3.52,3.52,3.52,3.52,3.52,21.07,21.07,21.07,21.07,3.52,113.4,379.27,575.46,3.52,36.64,3.52,3.52,3.52,3.52,3.52,3.52,3.52,62.98,3.52,3.52,3.52,3.52,291.05,36.64,3.52,3.52,3.52,58.12,3.52,3.52,3.52,119.03,3.52,97.79,185.17,146.21,21.07,21.07,21.07,3.52,3.52,3.52,3.52,3.52,3.52,3.52,3.52,42.41,3.52,81.13,58.12,159.35,3.52,3.52,3.52,47.87,101.78,3.52,3.52,3.52,3.52,3.52,3.52,3.52,3.52,3.52,3.52,139.41,21.07,88.26,239.38,23.78,93.74,3.52,667.23,85.42,42.41,339.97,3.52,3.52,3.52,3.52,85.42,83.29,23.78,39.57,162.66,30.49,3.52,3.52,3.52,3.52,3.52,3.52,3.52,3.52,47.87,72.28,3.52,3.52,3.52,3.52,47.87,3.52
G.CSF,256.34,227.92,247.04,237.58,186.94,237.58,278.91,67.28,125.27,166.67,102.02,125.27,118.97,121.07,207.24,127.37,121.07,137.8,170.76,129.46,187.04,162.57,170.76,185.01,137.8,235.28,272.96,129.46,65.07,125.27,182.98,597.52,137.8,86.98,150.23,156.41,104.15,125.27,256.34,184.22,230.35,281.12,203.22,201.2,178.92,121.07,207.24,495.19,211.27,267.03,223.3,73.9,69.5,77.19,169.74,181.97,173.82,153.32,120.02,113.7,109.46,77.19,149.19,124.22,117.92,126.32,218.29,161.54,171.91,163.35,183.24,197.26,73.33,205.39,215.55,215.55,237.58,160.49,191.67,262.97,128.47,174.75,140.22,163.35,235.88,208.39,163.35,174.75,219.44,224.94,180.41,180.41,213.92,180.41,17.53,200.05,131.42,154.74,73.33,110.54,180.41,134.36,158.67,181.48,207.96,208.39,151.85,222.19,17.53,131.42,414.43,171.91,246.76,363.1,213.92,154.74,134.36,140.22,197.26,268.35,174.75,151.85,219.44,191.67,128.47,191.67,197.26,246.76,235.88,230.42,85.98,174.75,140.22,224.94,171.91,230.42,170.29,274.46,317.58,232.78,202.81,174.75,98.37,17.53,131.42,399.11,110.54,186.05,252.18,260.28,273.71,365.68,213.92,352.73,230.42,285.72,275.05,129.94,129.94,207,400.39,346.24,207,167.64,187.46,124.02,141.68,230.02,221.51,381.24,491.46,17.53,17.53,118.06,218.06,126.99,112.05,198.66,220.82,364.39,299,204.23,204.23,167.64,173.33,170.49,207,207,338.42,506.33,303.25,252.65,178.72,227.19,187.46,193.07,135.83,198.66,226.31,99.9,296.35,248.12,301.65,223.57,170.49,333.2,164.78,170.49,112.05,218.06,237.25,147.5,224.35,230.02,187.31,261.11,193.07,198.66,141.68,179,296.35,215.31,280.39,215.31,181.83,215.31,234.52,220.82,209.78,204.23,176.17,161.92,150.4,223.57,112.05,218.67,339.56,616.89,551.6,167.64,193.07,202.81,218.06,232.78,294.84,359.21,179,248.12,250.83,306.93,141.68,121.04,258.93,291.04,215.31,138.76,126.99,93.75,17.53,17.53,164.78,147.5,475,280.81,81.27,115.06,164.78,200.21,225.48,205.39,207.96,213.04,283.32,251.71,146.55,140.26,105.7,146.55,184.22,218.06,167.43,197.59,244.69,296.37,181.48,237.58,278.91,120.26,140.26,97.91,207.96,192.3,320.03,261.11,668.37,1754.58,130.49,186.94,300.66,132.55,172.98,201.59,109.21,215.83,195.88,181.58,408.91,195.88,184.45,201.59,161.48,135.46,230.02,595.16,2429.59,320.03,172.98,161.48,178.72,178.72,172.98,5.47,258.29,67.76,100.4,144.15,190.17,757.38,1493.68,297.65,138.36,280.81,212.98,178.72,224.35,336.77,193.03,161.48,207.29,149.94,207.29,269.56,227.19,207.29,252.65,184.45,120.91,207.29,238.52,79.7,210.14,55.73,320.03,469.51,345.13,347.91,263.93,342.34,190.17,292.04,297.65,751.99,1874.11,589.73,258.29,280.81,347.91,559.78,269.56,266.75,378.46,347.91,311.64,218.67,235.69,247,207.29,172.98,207.29,347.91,235.69,320.03,976.74,280.81,627.74,532.5,212.98,230.02,261.11,269.56,235.69,338.19,281.12,438.38,263.2,652.72,540.69,272.38,1409.84,184.45,190.17,286.43,325.61,172.98,347.91,269.56,266.75,698.09,687.29,292.04,224.35,328.4,138.36,117.99,258.29,292.04,275.19,320.03,317.23,386.78,149.94,201.59,320.03,364.59,161.48,292.04,331.19,551.6,247,797.68,353.47,461.27,175.85,292.05,164.54,170.29,232.78,342.34,286.43,238.52,278,232.85,331.19,241.35,280.81,158.6,258.29,167.23,184.45,235.69,259.12,235.28,243.25,137.8,150.23,146.09,127.37,205.23,146.09,121.07,150.23,112.64,150.23,129.46,131.55,162.57,178.92,182.98,168.71,270.98,180.95,358.93,302.44,141.95,129.46,133.63,178.92,118.97,167.43,223.02,202.81,223.02,129.46,158.46,174.84,223.3,195.14,211.27,99.88,123.18,158.46,174.84,195.14,150.23,168.71,203.22,116.86,135.72,110.52,127.37,255.16,185.01,125.27,166.67,255.16,148.16,112.64,129.46,182.98,180.95,112.64,235.28,314.18,239.96,158.67,175.94,205.39,133.63,162.57,170.76,137.8,95.6,112.64,86.98,137.8,213.28,158.46,255.16,235.28,231.29,112.64,133.63,174.84,211.27,213.28,137.8,129.46,114.75,172.8,146.09,156.41,174.84,137.8,158.46,189.07,269.99,202.81,175.94,223.02,243.25,201.2,133.63,278.87,207.24,207.24,166.67,129.46,137.8,99.88,199.18,164.62,237.28,189.07,125.27,263.08,170.76,146.09,180.95,104.15,104.15,137.8,99.88,125.27,137.8,195.14,187.04,170.76,86.98,133.63,148.16,199.18,213.28
GM.CSF,2.89,2.31,7.18,5.66,5.66,16.52,12.39,0.43,3.12,0.43,0.43,2.16,1.92,0.43,5.12,2.65,2.88,2.65,6.38,3.12,4.03,4.25,8.61,7.81,1.92,5.12,5.97,2.88,2.65,3.46,7.81,27.3,6.59,1.92,4.25,4.69,4.69,2.41,0.31,7.89,12.25,8.9,7.41,7.81,5.33,2.65,12.07,28.55,4.03,9.88,7.51,0.43,0.43,0.43,4.52,8.06,4.41,2.1,3.41,2.71,1.85,0.43,8.46,1.98,1.98,2.47,9.25,4.96,1.75,1.75,1.75,7.67,1.75,3.16,10.02,8.74,6.82,1.75,11.48,15.79,1.75,1.75,1.75,1.75,1.75,1.75,1.75,1.75,18.23,29.69,1.75,12.77,1.75,1.75,1.75,14.01,1.75,1.75,1.75,1.75,13.6,1.75,0.31,32.68,1.26,10.12,1.75,7.67,1.75,14.41,37.42,11.48,29.08,30.43,32.63,1.75,1.75,1.75,24.39,46.26,1.75,1.75,7.41,1.75,1.75,19.31,15.6,9.42,15.79,1.75,1.75,1.75,1.75,14.01,10.12,14.21,4.38,6.82,7.54,7.18,3.42,1.75,1.75,1.75,1.75,21.4,1.75,1.75,1.75,12.35,1.75,11.04,9.18,17.49,14.01,1.75,7.41,1.75,1.75,16.56,18.04,14.41,1.75,11.7,26.46,1.75,1.75,8,7.71,23.17,32.16,1.75,1.75,1.75,1.75,1.75,1.75,10.12,11.7,25.04,26.78,7.93,7.93,11.48,1.75,9.42,1.75,9.89,7.41,19.48,3.72,0.56,0.56,0.56,1.75,9.18,13.4,11.26,1.75,1.75,9.66,7.41,1.75,17.12,15.01,13.81,1.75,8.44,1.75,7.93,10.81,8.93,0.56,2.32,0.56,0.56,12.56,1.75,10.81,1.75,12.13,1.75,12.56,13.19,7.41,1.75,1.75,1.75,7.93,1.75,1.75,12.98,9.42,11.7,1.75,7.42,3.55,4.05,0.56,1.75,8.93,0.31,1.64,0.31,12.33,7.67,1.75,10.36,13.6,13.4,7.41,8.93,12.56,10.36,1.75,1.75,1.75,1.75,1.75,1.75,1.75,1.75,7.13,12.33,1.75,1.75,7.41,0.31,0.31,3.92,9.55,10.79,19.2,14.32,1.64,3.92,2.31,5.66,6.44,12.82,0.31,5.66,18.96,32.29,0.31,12.39,13.1,0.31,0.31,0.31,8.23,7.18,4.54,0.56,3.38,0.56,0.31,13.65,8.4,0.56,0.56,2.32,0.56,5.02,4.05,14.74,28.29,0.56,0.56,0.56,0.56,3.38,21.34,49.12,12.46,0.56,0.56,0.56,3.04,6.54,0.56,0.56,18.76,16.35,0.56,0.56,0.56,4.86,20.06,5.64,4.05,5.17,6.54,3.38,9.67,17.08,5.64,0.56,0.56,0.56,3.38,0.56,3.72,5.33,4.38,0.56,0.56,7.71,6.84,0.56,3.38,0.56,5.25,8.77,16.04,10.68,27.8,2.59,6.62,12.91,10.14,13.16,27.14,29.54,11.35,8.91,11.61,10.41,9.32,7.92,14.56,13.55,12,10.14,10.55,12.39,5.87,0.56,8.49,14.56,13.16,12.52,7.64,10.68,6.62,3.64,5.87,9.46,9.05,9.32,7.35,7.89,5.66,15.37,8.9,21.73,5.41,10.28,43.34,6.91,6.47,7.92,12.52,3.64,4.94,5.71,7.35,24.47,38.99,6.17,19.41,30.83,4.62,4.3,6.32,7.92,6.62,4.3,4.46,5.25,3.3,4.94,8.21,6.62,9.6,10.68,16.41,34.64,19.76,4.3,16.29,39.8,13.04,5.46,2.89,0.31,6.63,6.76,8.49,5.41,6.62,5.87,7.78,8.49,14.31,6.76,7.06,4.78,3.97,5.87,7.91,6.49,5.65,2.04,4.58,2.29,2.16,3.8,0.43,2.77,2.04,0.43,0.43,6.9,5.23,0.43,8.11,5.76,7.71,2.88,7.71,11.03,20.43,3.8,1.79,4.36,2.77,0.43,0.31,2.31,1.64,0.31,2.04,6.38,16.65,12.54,8.31,6.28,2.04,0.43,4.14,6.07,9.88,0.43,0.43,9.3,2.29,2.53,0.43,0.43,14.75,13.47,0.43,0.43,6.49,3.69,0.43,10.26,12.91,17.27,0.43,7.91,11.41,5.66,3.92,8.23,7.18,0.43,7.1,0.43,3,0.43,0.43,25.72,19.56,31.1,8.41,7.71,0.43,0.43,2.29,2.88,7.2,4.03,3.58,2.16,5.33,0.43,4.03,5.97,0.43,0.43,0.43,0.43,0.43,8.4,0.31,3.42,5.25,7.2,11.22,2.29,28.8,6.28,6.69,9.98,3.58,3.69,3.58,4.9,12.54,9.2,5.65,2.88,6.79,5.33,1.92,6.38,4.47,7.2,3.35,1.92,1.92,3.35,7.61,8.41,0.43,0.43,2.41,2.41,9,5.12
IFN.g,37.5,34.25,29.2,19.57,22.93,15.43,19.07,7.82,8.36,14.79,7.82,8.36,8.36,7.82,13.72,9.44,10.24,11.85,13.72,9.44,14.26,12.65,11.31,11.58,12.12,12.65,11.05,8.09,8.09,9.7,10.51,45.32,11.05,8.9,9.97,8.9,9.44,8.09,18.06,17.03,19.07,24.78,11.58,13.45,11.58,9.44,12.92,19.6,10.51,14.26,11.05,7.28,7.28,7.69,12.52,10.91,11.18,18.4,11.45,7.96,8.23,8.76,12.52,12.79,7.69,13.05,20,12.52,16.32,20.41,45.64,56.58,31.03,11.36,22.93,21.04,23.86,16.32,16.78,30.6,18.6,23.1,18.6,23.99,15.86,19.51,16.78,24.88,24.88,21.31,18.15,18.6,17.69,40.53,14.47,20.41,16.78,37.53,10.23,33.64,24.88,31.03,12.58,20.06,13.75,18.6,22.21,21.31,14.47,11.19,31.03,28.41,66.16,71.53,87.13,102.6,9.75,14.94,16.78,25.32,13.07,12.13,19.51,18.6,11.19,23.1,16.78,15.86,22.66,10.71,11.19,11.19,13.07,23.55,13.07,18.15,15.97,33.42,28.77,15.43,41.45,16.78,10.71,11.66,13.07,40.53,19.96,14.01,13.54,11.66,19.51,17.69,18.6,22.21,23.1,30.16,27.53,23.99,14.94,57.42,37.1,34.08,19.51,22.21,29.29,19.51,15.86,17.74,20.28,27.09,32.78,12.13,11.66,18.6,16.32,18.15,27.53,34.08,23.99,33.64,25.77,22.21,32.77,27.53,16.32,23.99,21.76,17.69,42.24,109.89,29.94,11.87,12.61,8.88,18.15,20.41,18.6,25.32,24.88,17.69,133.27,19.51,60.76,37.96,23.55,205.26,22.66,14.94,16.78,25.77,26.65,23.1,13.35,10.38,11.13,12.98,25.32,16.78,19.51,25.77,32.34,26.65,29.29,30.16,23.1,32.77,95.29,28.41,43.09,37.1,21.31,23.99,25.32,15.86,23.1,25.66,37.73,159.86,21.36,14.94,41.38,46.84,31.33,73.61,24.23,67.4,20.41,30.16,37.1,17.69,24.88,12.6,23.99,31.91,31.03,16.78,14.47,12.13,13.07,12.13,15.86,16.78,42.32,29.94,11.19,14.94,23.1,14.88,10.07,20.06,19.07,18.06,24.32,17.03,17.03,10.07,15.97,18.06,21.04,18.06,20.06,12.58,34.25,18.06,21.52,21.99,27.02,2.35,2.35,12.58,18.06,11.36,104.48,82.32,81.27,166.67,18.06,18.57,20.55,11.5,17.01,19.92,14.82,23.51,10.76,8.88,9.63,19.19,10.38,12.61,11.13,22.08,20.64,36.32,28.16,8.88,14.09,14.82,17.74,14.09,12.61,0.65,28.52,10.38,9.26,11.87,7.74,11.87,24.23,19.19,12.98,16.29,15.56,13.72,19.92,32.07,18.47,14.82,16.65,11.13,13.35,12.24,16.29,12.61,10.38,16.29,14.09,17.38,23.51,13.35,14.82,11.13,25.3,18.83,24.59,23.87,33.84,10.76,10.76,15.92,21,15.56,22.44,26.02,15.19,16.65,15.92,20.28,15.92,19.55,18.11,19.19,17.38,10.76,17.74,15.92,14.09,23.87,14.46,15.92,13.72,19.55,12.24,18.11,10.01,11.13,18.83,16.65,16.29,15.19,11.5,49.86,51.35,35.88,28.33,53.57,43.72,17.38,28.87,7.74,6.97,6.97,13.72,13.72,13.72,16.65,19.55,20.64,22.44,12.98,11.13,18.11,18.11,16.65,9.63,10.76,28.16,26.02,16.29,13.72,13.35,17.38,18.83,14.46,18.11,16.65,26.73,22.08,18.11,26.02,20.28,31,10.76,26.13,2.35,18.06,23.86,12.24,15.92,14.46,15.92,13.35,16.65,9.26,16.29,11.5,14.46,9.26,19.92,15.92,16.39,18.53,14.79,9.97,10.51,10.51,8.9,12.12,11.05,10.78,11.58,8.36,8.63,8.9,9.97,15.06,16.66,11.05,15.86,32.51,15.06,32.24,21.74,13.72,9.17,11.05,10.51,9.17,18.06,15.97,19.07,22.93,12.65,10.51,12.12,21.47,21.74,20.67,12.12,11.05,12.65,12.65,17.46,11.85,8.9,13.19,6.47,6.74,6.74,6.74,13.19,15.59,11.31,13.19,11.58,10.51,7.28,11.05,14.26,13.99,14.79,20.14,35.22,13.75,14.88,12.58,23.86,11.58,11.58,24.96,9.97,9.44,7.28,10.51,7.82,14.52,13.45,34.95,93,22.28,28.19,27.65,13.72,15.86,19.07,23.35,12.12,10.51,9.17,10.51,20.14,21.21,11.05,8.09,6.2,22.93,11.36,14.88,12.58,23.35,19.07,12.65,22.28,13.72,13.19,16.66,8.36,7.82,9.97,14.79,13.72,16.93,14.79,10.51,16.13,11.85,11.58,12.38,11.58,9.44,8.9,8.9,10.51,13.72,12.92,13.72,7.28,5.65,8.09,10.51,12.65,10.51
TNF.a,123.43,122.75,139.1,98.2,115.13,135.72,145.82,90.92,104.19,102.72,117.38,115.92,112.99,123.23,127.61,104.19,114.46,114.46,134.89,126.15,156.64,112.26,120.31,107.12,108.59,104.92,99.77,97.56,118.85,114.46,99.77,140.7,118.11,122.5,93.87,91.66,114.46,121.77,139.77,115.13,113.74,126.18,106.39,124.69,134.89,93.87,111.53,124.69,108.59,104.19,115.92,115.92,114.46,128.15,112.08,123.05,128.15,121.59,121.59,106.94,117.2,91.47,135.43,117.93,116.47,104,133.98,110.61,122.62,129.92,149.88,146.26,147.17,117.21,141.12,117.21,137.07,162.49,137.2,173.26,111.61,140.83,135.38,149.88,151.69,157.1,157.1,173.26,161.6,146.26,151.69,157.1,128.1,142.64,123.53,141.74,141.74,126.27,107.92,134.47,182.2,107.92,108.83,143.81,130.28,94.97,184.87,132.65,122.62,157.1,172.36,166.09,189.33,140.83,169.68,173.26,133.56,129.92,150.78,162.49,106.08,113.45,120.79,138.11,155.29,172.36,137.2,122.62,133.56,87.51,151.69,106.08,140.83,162.49,148.07,117.12,115.13,96.77,145.15,124.81,128.92,102.38,137.2,136.29,146.26,228.27,131.74,103.31,112.53,135.38,118.95,138.11,183.98,151.69,178.63,181.31,181.31,148.07,148.98,208.86,220.34,178.63,212.4,152.59,152.59,127.18,136.29,115.98,96.93,109.14,116.73,166.09,158,177.73,153.49,141.74,146.26,173.26,165.19,258.09,200.88,131.74,183.09,166.09,163.39,158.9,138.11,176.84,267.68,188.44,145.33,149.81,131.83,155.77,163.39,154.39,158,156.2,177.73,146.26,200.88,121.7,187.55,179.52,146.26,147.17,174.15,127.18,161.6,121.7,134.47,138.11,101.52,128.82,121.27,134.84,149.88,105.16,118.04,128.1,176.84,138.11,121.7,156.2,119.87,168.78,97.75,95.89,159.8,141.74,119.87,163.39,107,73.43,109.77,118.25,160.98,135.59,195.69,119.87,145.36,126.18,106.72,103.89,118.25,172.36,143.55,209.74,163.39,113.45,149.88,118.95,131.74,118.04,142.64,134.47,121.7,152.59,139.01,127.18,103.31,132.65,125.8,112.18,131.74,124.44,152.59,105.31,115.13,132.33,103.19,125.49,150.49,110.94,123.43,98.2,99.63,124.12,117.91,93.89,110.24,96.77,154.48,119.99,139.77,117.21,116.52,109.54,106.72,124.81,113.74,110.94,118.25,102.28,194.22,266.95,122.06,137.07,161.09,145.33,121.27,130.32,147.57,134.84,137.84,125.05,136.34,103.04,134.84,122.78,118.25,140.84,141.58,170.62,167.66,134.84,110.66,98.46,131.83,152.79,161.72,13.91,142.33,69.07,128.82,125.8,180.23,151.3,158,112.18,109.14,143.83,144.58,124.3,133.33,173.58,112.18,127.31,122.03,110.66,136.34,116.73,128.82,134.84,84.61,135.59,95.39,115.22,168.4,116.73,106.86,128.82,98.84,116.35,117.87,111.8,211.44,144.95,62.4,78.03,96.54,135.21,169.51,144.95,85.77,91.94,89.63,114.84,87.32,158.38,156.89,112.56,93.47,70.24,93.47,88.86,82.68,84.23,147.94,86.55,67.11,76.48,85.77,84.23,96.54,137.46,143.46,84.23,76.48,76.48,72.58,110.24,105.31,137.07,119.29,205.63,95.01,83.46,147.94,60.03,68.68,111.04,123.92,125.43,165.8,128.44,120.9,115.6,129.2,79.58,84.23,93.47,118.63,111.8,99.61,65.54,74.92,75.7,102.66,93.47,131.45,149.43,211.44,257.93,81.13,106.48,103.43,108.76,123.16,117.11,94.24,99.61,52.9,128.92,102.48,127.55,140.45,77.25,88.86,95.01,143.46,87.32,96.54,71.8,93.47,59.24,78.81,73.36,144.95,80.36,150.85,150.85,145.05,108.59,93.87,100.51,118.85,126.15,124.69,105.66,123.23,129.79,106.39,143.6,155.19,99.77,142.88,131.25,149.4,118.85,104.19,171.07,150.13,127.61,115.92,102.72,104.19,109.33,93.89,67.98,97.48,82.23,109.33,115.19,123.23,154.47,144.33,131.98,105.66,111.53,112.99,115.92,110.06,118.85,112.99,127.61,121.77,112.99,103.45,100.51,156.64,123.23,116.65,110.06,110.79,118.11,98.3,112.99,104.19,131.98,103.45,104.19,96.82,122.06,98.91,133.01,128.23,93.14,118.11,99.77,114.46,126.15,118.85,290.77,216.96,225.52,95.35,140.7,79.06,145.78,111.53,110.06,121.77,133.43,137.8,94.61,181.87,95.35,99.04,113.72,47.53,67.12,52.83,56.61,79.06,85.9,62.59,128.92,126.18,136.34,155.19,110.79,202.67,139.25,126.15,165.31,93.87,90.92,101.24,86.48,96.82,107.86,120.31,121.77,144.33,121.77,112.99,124.69,107.86,93.87,77.57,76.08,126.15,105.66,118.85,123.23,96.82,87.22,114.46,113.72,123.23,101.98
